BioID-FaceDatabase-V1/BioID_0000.pgm;BioID-FaceDatabase-V1/BioID_0000.eye
BioID-FaceDatabase-V1/BioID_0001.pgm;BioID-FaceDatabase-V1/BioID_0001.eye
BioID-FaceDatabase-V1/BioID_0002.pgm;BioID-FaceDatabase-V1/BioID_0002.eye
BioID-FaceDatabase-V1/BioID_0003.pgm;BioID-FaceDatabase-V1/BioID_0003.eye
BioID-FaceDatabase-V1/BioID_0004.pgm;BioID-FaceDatabase-V1/BioID_0004.eye
BioID-FaceDatabase-V1/BioID_0005.pgm;BioID-FaceDatabase-V1/BioID_0005.eye
BioID-FaceDatabase-V1/BioID_0006.pgm;BioID-FaceDatabase-V1/BioID_0006.eye
BioID-FaceDatabase-V1/BioID_0007.pgm;BioID-FaceDatabase-V1/BioID_0007.eye
BioID-FaceDatabase-V1/BioID_0008.pgm;BioID-FaceDatabase-V1/BioID_0008.eye
BioID-FaceDatabase-V1/BioID_0009.pgm;BioID-FaceDatabase-V1/BioID_0009.eye
BioID-FaceDatabase-V1/BioID_0010.pgm;BioID-FaceDatabase-V1/BioID_0010.eye
BioID-FaceDatabase-V1/BioID_0011.pgm;BioID-FaceDatabase-V1/BioID_0011.eye
BioID-FaceDatabase-V1/BioID_0012.pgm;BioID-FaceDatabase-V1/BioID_0012.eye
BioID-FaceDatabase-V1/BioID_0013.pgm;BioID-FaceDatabase-V1/BioID_0013.eye
BioID-FaceDatabase-V1/BioID_0014.pgm;BioID-FaceDatabase-V1/BioID_0014.eye
BioID-FaceDatabase-V1/BioID_0015.pgm;BioID-FaceDatabase-V1/BioID_0015.eye
BioID-FaceDatabase-V1/BioID_0016.pgm;BioID-FaceDatabase-V1/BioID_0016.eye
BioID-FaceDatabase-V1/BioID_0017.pgm;BioID-FaceDatabase-V1/BioID_0017.eye
BioID-FaceDatabase-V1/BioID_0018.pgm;BioID-FaceDatabase-V1/BioID_0018.eye
BioID-FaceDatabase-V1/BioID_0019.pgm;BioID-FaceDatabase-V1/BioID_0019.eye
BioID-FaceDatabase-V1/BioID_0020.pgm;BioID-FaceDatabase-V1/BioID_0020.eye
BioID-FaceDatabase-V1/BioID_0021.pgm;BioID-FaceDatabase-V1/BioID_0021.eye
BioID-FaceDatabase-V1/BioID_0022.pgm;BioID-FaceDatabase-V1/BioID_0022.eye
BioID-FaceDatabase-V1/BioID_0023.pgm;BioID-FaceDatabase-V1/BioID_0023.eye
BioID-FaceDatabase-V1/BioID_0024.pgm;BioID-FaceDatabase-V1/BioID_0024.eye
BioID-FaceDatabase-V1/BioID_0025.pgm;BioID-FaceDatabase-V1/BioID_0025.eye
BioID-FaceDatabase-V1/BioID_0026.pgm;BioID-FaceDatabase-V1/BioID_0026.eye
BioID-FaceDatabase-V1/BioID_0027.pgm;BioID-FaceDatabase-V1/BioID_0027.eye
BioID-FaceDatabase-V1/BioID_0028.pgm;BioID-FaceDatabase-V1/BioID_0028.eye
BioID-FaceDatabase-V1/BioID_0029.pgm;BioID-FaceDatabase-V1/BioID_0029.eye
BioID-FaceDatabase-V1/BioID_0030.pgm;BioID-FaceDatabase-V1/BioID_0030.eye
BioID-FaceDatabase-V1/BioID_0031.pgm;BioID-FaceDatabase-V1/BioID_0031.eye
BioID-FaceDatabase-V1/BioID_0032.pgm;BioID-FaceDatabase-V1/BioID_0032.eye
BioID-FaceDatabase-V1/BioID_0033.pgm;BioID-FaceDatabase-V1/BioID_0033.eye
BioID-FaceDatabase-V1/BioID_0034.pgm;BioID-FaceDatabase-V1/BioID_0034.eye
BioID-FaceDatabase-V1/BioID_0035.pgm;BioID-FaceDatabase-V1/BioID_0035.eye
BioID-FaceDatabase-V1/BioID_0036.pgm;BioID-FaceDatabase-V1/BioID_0036.eye
BioID-FaceDatabase-V1/BioID_0037.pgm;BioID-FaceDatabase-V1/BioID_0037.eye
BioID-FaceDatabase-V1/BioID_0038.pgm;BioID-FaceDatabase-V1/BioID_0038.eye
BioID-FaceDatabase-V1/BioID_0039.pgm;BioID-FaceDatabase-V1/BioID_0039.eye
BioID-FaceDatabase-V1/BioID_0040.pgm;BioID-FaceDatabase-V1/BioID_0040.eye
BioID-FaceDatabase-V1/BioID_0041.pgm;BioID-FaceDatabase-V1/BioID_0041.eye
BioID-FaceDatabase-V1/BioID_0042.pgm;BioID-FaceDatabase-V1/BioID_0042.eye
BioID-FaceDatabase-V1/BioID_0043.pgm;BioID-FaceDatabase-V1/BioID_0043.eye
BioID-FaceDatabase-V1/BioID_0044.pgm;BioID-FaceDatabase-V1/BioID_0044.eye
BioID-FaceDatabase-V1/BioID_0045.pgm;BioID-FaceDatabase-V1/BioID_0045.eye
BioID-FaceDatabase-V1/BioID_0046.pgm;BioID-FaceDatabase-V1/BioID_0046.eye
BioID-FaceDatabase-V1/BioID_0047.pgm;BioID-FaceDatabase-V1/BioID_0047.eye
BioID-FaceDatabase-V1/BioID_0048.pgm;BioID-FaceDatabase-V1/BioID_0048.eye
BioID-FaceDatabase-V1/BioID_0049.pgm;BioID-FaceDatabase-V1/BioID_0049.eye
BioID-FaceDatabase-V1/BioID_0050.pgm;BioID-FaceDatabase-V1/BioID_0050.eye
BioID-FaceDatabase-V1/BioID_0051.pgm;BioID-FaceDatabase-V1/BioID_0051.eye
BioID-FaceDatabase-V1/BioID_0052.pgm;BioID-FaceDatabase-V1/BioID_0052.eye
BioID-FaceDatabase-V1/BioID_0053.pgm;BioID-FaceDatabase-V1/BioID_0053.eye
BioID-FaceDatabase-V1/BioID_0054.pgm;BioID-FaceDatabase-V1/BioID_0054.eye
BioID-FaceDatabase-V1/BioID_0055.pgm;BioID-FaceDatabase-V1/BioID_0055.eye
BioID-FaceDatabase-V1/BioID_0056.pgm;BioID-FaceDatabase-V1/BioID_0056.eye
BioID-FaceDatabase-V1/BioID_0057.pgm;BioID-FaceDatabase-V1/BioID_0057.eye
BioID-FaceDatabase-V1/BioID_0058.pgm;BioID-FaceDatabase-V1/BioID_0058.eye
BioID-FaceDatabase-V1/BioID_0059.pgm;BioID-FaceDatabase-V1/BioID_0059.eye
BioID-FaceDatabase-V1/BioID_0060.pgm;BioID-FaceDatabase-V1/BioID_0060.eye
BioID-FaceDatabase-V1/BioID_0061.pgm;BioID-FaceDatabase-V1/BioID_0061.eye
BioID-FaceDatabase-V1/BioID_0062.pgm;BioID-FaceDatabase-V1/BioID_0062.eye
BioID-FaceDatabase-V1/BioID_0063.pgm;BioID-FaceDatabase-V1/BioID_0063.eye
BioID-FaceDatabase-V1/BioID_0064.pgm;BioID-FaceDatabase-V1/BioID_0064.eye
BioID-FaceDatabase-V1/BioID_0065.pgm;BioID-FaceDatabase-V1/BioID_0065.eye
BioID-FaceDatabase-V1/BioID_0066.pgm;BioID-FaceDatabase-V1/BioID_0066.eye
BioID-FaceDatabase-V1/BioID_0067.pgm;BioID-FaceDatabase-V1/BioID_0067.eye
BioID-FaceDatabase-V1/BioID_0068.pgm;BioID-FaceDatabase-V1/BioID_0068.eye
BioID-FaceDatabase-V1/BioID_0069.pgm;BioID-FaceDatabase-V1/BioID_0069.eye
BioID-FaceDatabase-V1/BioID_0070.pgm;BioID-FaceDatabase-V1/BioID_0070.eye
BioID-FaceDatabase-V1/BioID_0071.pgm;BioID-FaceDatabase-V1/BioID_0071.eye
BioID-FaceDatabase-V1/BioID_0072.pgm;BioID-FaceDatabase-V1/BioID_0072.eye
BioID-FaceDatabase-V1/BioID_0073.pgm;BioID-FaceDatabase-V1/BioID_0073.eye
BioID-FaceDatabase-V1/BioID_0074.pgm;BioID-FaceDatabase-V1/BioID_0074.eye
BioID-FaceDatabase-V1/BioID_0075.pgm;BioID-FaceDatabase-V1/BioID_0075.eye
BioID-FaceDatabase-V1/BioID_0076.pgm;BioID-FaceDatabase-V1/BioID_0076.eye
BioID-FaceDatabase-V1/BioID_0077.pgm;BioID-FaceDatabase-V1/BioID_0077.eye
BioID-FaceDatabase-V1/BioID_0078.pgm;BioID-FaceDatabase-V1/BioID_0078.eye
BioID-FaceDatabase-V1/BioID_0079.pgm;BioID-FaceDatabase-V1/BioID_0079.eye
BioID-FaceDatabase-V1/BioID_0080.pgm;BioID-FaceDatabase-V1/BioID_0080.eye
BioID-FaceDatabase-V1/BioID_0081.pgm;BioID-FaceDatabase-V1/BioID_0081.eye
BioID-FaceDatabase-V1/BioID_0082.pgm;BioID-FaceDatabase-V1/BioID_0082.eye
BioID-FaceDatabase-V1/BioID_0083.pgm;BioID-FaceDatabase-V1/BioID_0083.eye
BioID-FaceDatabase-V1/BioID_0084.pgm;BioID-FaceDatabase-V1/BioID_0084.eye
BioID-FaceDatabase-V1/BioID_0085.pgm;BioID-FaceDatabase-V1/BioID_0085.eye
BioID-FaceDatabase-V1/BioID_0086.pgm;BioID-FaceDatabase-V1/BioID_0086.eye
BioID-FaceDatabase-V1/BioID_0087.pgm;BioID-FaceDatabase-V1/BioID_0087.eye
BioID-FaceDatabase-V1/BioID_0088.pgm;BioID-FaceDatabase-V1/BioID_0088.eye
BioID-FaceDatabase-V1/BioID_0089.pgm;BioID-FaceDatabase-V1/BioID_0089.eye
BioID-FaceDatabase-V1/BioID_0090.pgm;BioID-FaceDatabase-V1/BioID_0090.eye
BioID-FaceDatabase-V1/BioID_0091.pgm;BioID-FaceDatabase-V1/BioID_0091.eye
BioID-FaceDatabase-V1/BioID_0092.pgm;BioID-FaceDatabase-V1/BioID_0092.eye
BioID-FaceDatabase-V1/BioID_0093.pgm;BioID-FaceDatabase-V1/BioID_0093.eye
BioID-FaceDatabase-V1/BioID_0094.pgm;BioID-FaceDatabase-V1/BioID_0094.eye
BioID-FaceDatabase-V1/BioID_0095.pgm;BioID-FaceDatabase-V1/BioID_0095.eye
BioID-FaceDatabase-V1/BioID_0096.pgm;BioID-FaceDatabase-V1/BioID_0096.eye
BioID-FaceDatabase-V1/BioID_0097.pgm;BioID-FaceDatabase-V1/BioID_0097.eye
BioID-FaceDatabase-V1/BioID_0098.pgm;BioID-FaceDatabase-V1/BioID_0098.eye
BioID-FaceDatabase-V1/BioID_0099.pgm;BioID-FaceDatabase-V1/BioID_0099.eye
BioID-FaceDatabase-V1/BioID_0100.pgm;BioID-FaceDatabase-V1/BioID_0100.eye
BioID-FaceDatabase-V1/BioID_0101.pgm;BioID-FaceDatabase-V1/BioID_0101.eye
BioID-FaceDatabase-V1/BioID_0102.pgm;BioID-FaceDatabase-V1/BioID_0102.eye
BioID-FaceDatabase-V1/BioID_0103.pgm;BioID-FaceDatabase-V1/BioID_0103.eye
BioID-FaceDatabase-V1/BioID_0104.pgm;BioID-FaceDatabase-V1/BioID_0104.eye
BioID-FaceDatabase-V1/BioID_0105.pgm;BioID-FaceDatabase-V1/BioID_0105.eye
BioID-FaceDatabase-V1/BioID_0106.pgm;BioID-FaceDatabase-V1/BioID_0106.eye
BioID-FaceDatabase-V1/BioID_0107.pgm;BioID-FaceDatabase-V1/BioID_0107.eye
BioID-FaceDatabase-V1/BioID_0108.pgm;BioID-FaceDatabase-V1/BioID_0108.eye
BioID-FaceDatabase-V1/BioID_0109.pgm;BioID-FaceDatabase-V1/BioID_0109.eye
BioID-FaceDatabase-V1/BioID_0110.pgm;BioID-FaceDatabase-V1/BioID_0110.eye
BioID-FaceDatabase-V1/BioID_0111.pgm;BioID-FaceDatabase-V1/BioID_0111.eye
BioID-FaceDatabase-V1/BioID_0112.pgm;BioID-FaceDatabase-V1/BioID_0112.eye
BioID-FaceDatabase-V1/BioID_0113.pgm;BioID-FaceDatabase-V1/BioID_0113.eye
BioID-FaceDatabase-V1/BioID_0114.pgm;BioID-FaceDatabase-V1/BioID_0114.eye
BioID-FaceDatabase-V1/BioID_0115.pgm;BioID-FaceDatabase-V1/BioID_0115.eye
BioID-FaceDatabase-V1/BioID_0116.pgm;BioID-FaceDatabase-V1/BioID_0116.eye
BioID-FaceDatabase-V1/BioID_0117.pgm;BioID-FaceDatabase-V1/BioID_0117.eye
BioID-FaceDatabase-V1/BioID_0118.pgm;BioID-FaceDatabase-V1/BioID_0118.eye
BioID-FaceDatabase-V1/BioID_0119.pgm;BioID-FaceDatabase-V1/BioID_0119.eye
BioID-FaceDatabase-V1/BioID_0120.pgm;BioID-FaceDatabase-V1/BioID_0120.eye
BioID-FaceDatabase-V1/BioID_0121.pgm;BioID-FaceDatabase-V1/BioID_0121.eye
BioID-FaceDatabase-V1/BioID_0122.pgm;BioID-FaceDatabase-V1/BioID_0122.eye
BioID-FaceDatabase-V1/BioID_0123.pgm;BioID-FaceDatabase-V1/BioID_0123.eye
BioID-FaceDatabase-V1/BioID_0124.pgm;BioID-FaceDatabase-V1/BioID_0124.eye
BioID-FaceDatabase-V1/BioID_0125.pgm;BioID-FaceDatabase-V1/BioID_0125.eye
BioID-FaceDatabase-V1/BioID_0126.pgm;BioID-FaceDatabase-V1/BioID_0126.eye
BioID-FaceDatabase-V1/BioID_0127.pgm;BioID-FaceDatabase-V1/BioID_0127.eye
BioID-FaceDatabase-V1/BioID_0128.pgm;BioID-FaceDatabase-V1/BioID_0128.eye
BioID-FaceDatabase-V1/BioID_0129.pgm;BioID-FaceDatabase-V1/BioID_0129.eye
BioID-FaceDatabase-V1/BioID_0130.pgm;BioID-FaceDatabase-V1/BioID_0130.eye
BioID-FaceDatabase-V1/BioID_0131.pgm;BioID-FaceDatabase-V1/BioID_0131.eye
BioID-FaceDatabase-V1/BioID_0132.pgm;BioID-FaceDatabase-V1/BioID_0132.eye
BioID-FaceDatabase-V1/BioID_0133.pgm;BioID-FaceDatabase-V1/BioID_0133.eye
BioID-FaceDatabase-V1/BioID_0134.pgm;BioID-FaceDatabase-V1/BioID_0134.eye
BioID-FaceDatabase-V1/BioID_0135.pgm;BioID-FaceDatabase-V1/BioID_0135.eye
BioID-FaceDatabase-V1/BioID_0136.pgm;BioID-FaceDatabase-V1/BioID_0136.eye
BioID-FaceDatabase-V1/BioID_0137.pgm;BioID-FaceDatabase-V1/BioID_0137.eye
BioID-FaceDatabase-V1/BioID_0138.pgm;BioID-FaceDatabase-V1/BioID_0138.eye
BioID-FaceDatabase-V1/BioID_0139.pgm;BioID-FaceDatabase-V1/BioID_0139.eye
BioID-FaceDatabase-V1/BioID_0140.pgm;BioID-FaceDatabase-V1/BioID_0140.eye
BioID-FaceDatabase-V1/BioID_0141.pgm;BioID-FaceDatabase-V1/BioID_0141.eye
BioID-FaceDatabase-V1/BioID_0142.pgm;BioID-FaceDatabase-V1/BioID_0142.eye
BioID-FaceDatabase-V1/BioID_0143.pgm;BioID-FaceDatabase-V1/BioID_0143.eye
BioID-FaceDatabase-V1/BioID_0144.pgm;BioID-FaceDatabase-V1/BioID_0144.eye
BioID-FaceDatabase-V1/BioID_0145.pgm;BioID-FaceDatabase-V1/BioID_0145.eye
BioID-FaceDatabase-V1/BioID_0146.pgm;BioID-FaceDatabase-V1/BioID_0146.eye
BioID-FaceDatabase-V1/BioID_0147.pgm;BioID-FaceDatabase-V1/BioID_0147.eye
BioID-FaceDatabase-V1/BioID_0148.pgm;BioID-FaceDatabase-V1/BioID_0148.eye
BioID-FaceDatabase-V1/BioID_0149.pgm;BioID-FaceDatabase-V1/BioID_0149.eye
BioID-FaceDatabase-V1/BioID_0150.pgm;BioID-FaceDatabase-V1/BioID_0150.eye
BioID-FaceDatabase-V1/BioID_0151.pgm;BioID-FaceDatabase-V1/BioID_0151.eye
BioID-FaceDatabase-V1/BioID_0152.pgm;BioID-FaceDatabase-V1/BioID_0152.eye
BioID-FaceDatabase-V1/BioID_0153.pgm;BioID-FaceDatabase-V1/BioID_0153.eye
BioID-FaceDatabase-V1/BioID_0154.pgm;BioID-FaceDatabase-V1/BioID_0154.eye
BioID-FaceDatabase-V1/BioID_0155.pgm;BioID-FaceDatabase-V1/BioID_0155.eye
BioID-FaceDatabase-V1/BioID_0156.pgm;BioID-FaceDatabase-V1/BioID_0156.eye
BioID-FaceDatabase-V1/BioID_0157.pgm;BioID-FaceDatabase-V1/BioID_0157.eye
BioID-FaceDatabase-V1/BioID_0158.pgm;BioID-FaceDatabase-V1/BioID_0158.eye
BioID-FaceDatabase-V1/BioID_0159.pgm;BioID-FaceDatabase-V1/BioID_0159.eye
BioID-FaceDatabase-V1/BioID_0160.pgm;BioID-FaceDatabase-V1/BioID_0160.eye
BioID-FaceDatabase-V1/BioID_0161.pgm;BioID-FaceDatabase-V1/BioID_0161.eye
BioID-FaceDatabase-V1/BioID_0162.pgm;BioID-FaceDatabase-V1/BioID_0162.eye
BioID-FaceDatabase-V1/BioID_0163.pgm;BioID-FaceDatabase-V1/BioID_0163.eye
BioID-FaceDatabase-V1/BioID_0164.pgm;BioID-FaceDatabase-V1/BioID_0164.eye
BioID-FaceDatabase-V1/BioID_0165.pgm;BioID-FaceDatabase-V1/BioID_0165.eye
BioID-FaceDatabase-V1/BioID_0166.pgm;BioID-FaceDatabase-V1/BioID_0166.eye
BioID-FaceDatabase-V1/BioID_0167.pgm;BioID-FaceDatabase-V1/BioID_0167.eye
BioID-FaceDatabase-V1/BioID_0168.pgm;BioID-FaceDatabase-V1/BioID_0168.eye
BioID-FaceDatabase-V1/BioID_0169.pgm;BioID-FaceDatabase-V1/BioID_0169.eye
BioID-FaceDatabase-V1/BioID_0170.pgm;BioID-FaceDatabase-V1/BioID_0170.eye
BioID-FaceDatabase-V1/BioID_0171.pgm;BioID-FaceDatabase-V1/BioID_0171.eye
BioID-FaceDatabase-V1/BioID_0172.pgm;BioID-FaceDatabase-V1/BioID_0172.eye
BioID-FaceDatabase-V1/BioID_0173.pgm;BioID-FaceDatabase-V1/BioID_0173.eye
BioID-FaceDatabase-V1/BioID_0174.pgm;BioID-FaceDatabase-V1/BioID_0174.eye
BioID-FaceDatabase-V1/BioID_0175.pgm;BioID-FaceDatabase-V1/BioID_0175.eye
BioID-FaceDatabase-V1/BioID_0176.pgm;BioID-FaceDatabase-V1/BioID_0176.eye
BioID-FaceDatabase-V1/BioID_0177.pgm;BioID-FaceDatabase-V1/BioID_0177.eye
BioID-FaceDatabase-V1/BioID_0178.pgm;BioID-FaceDatabase-V1/BioID_0178.eye
BioID-FaceDatabase-V1/BioID_0179.pgm;BioID-FaceDatabase-V1/BioID_0179.eye
BioID-FaceDatabase-V1/BioID_0180.pgm;BioID-FaceDatabase-V1/BioID_0180.eye
BioID-FaceDatabase-V1/BioID_0181.pgm;BioID-FaceDatabase-V1/BioID_0181.eye
BioID-FaceDatabase-V1/BioID_0182.pgm;BioID-FaceDatabase-V1/BioID_0182.eye
BioID-FaceDatabase-V1/BioID_0183.pgm;BioID-FaceDatabase-V1/BioID_0183.eye
BioID-FaceDatabase-V1/BioID_0184.pgm;BioID-FaceDatabase-V1/BioID_0184.eye
BioID-FaceDatabase-V1/BioID_0185.pgm;BioID-FaceDatabase-V1/BioID_0185.eye
BioID-FaceDatabase-V1/BioID_0186.pgm;BioID-FaceDatabase-V1/BioID_0186.eye
BioID-FaceDatabase-V1/BioID_0187.pgm;BioID-FaceDatabase-V1/BioID_0187.eye
BioID-FaceDatabase-V1/BioID_0188.pgm;BioID-FaceDatabase-V1/BioID_0188.eye
BioID-FaceDatabase-V1/BioID_0189.pgm;BioID-FaceDatabase-V1/BioID_0189.eye
BioID-FaceDatabase-V1/BioID_0190.pgm;BioID-FaceDatabase-V1/BioID_0190.eye
BioID-FaceDatabase-V1/BioID_0191.pgm;BioID-FaceDatabase-V1/BioID_0191.eye
BioID-FaceDatabase-V1/BioID_0192.pgm;BioID-FaceDatabase-V1/BioID_0192.eye
BioID-FaceDatabase-V1/BioID_0193.pgm;BioID-FaceDatabase-V1/BioID_0193.eye
BioID-FaceDatabase-V1/BioID_0194.pgm;BioID-FaceDatabase-V1/BioID_0194.eye
BioID-FaceDatabase-V1/BioID_0195.pgm;BioID-FaceDatabase-V1/BioID_0195.eye
BioID-FaceDatabase-V1/BioID_0196.pgm;BioID-FaceDatabase-V1/BioID_0196.eye
BioID-FaceDatabase-V1/BioID_0197.pgm;BioID-FaceDatabase-V1/BioID_0197.eye
BioID-FaceDatabase-V1/BioID_0198.pgm;BioID-FaceDatabase-V1/BioID_0198.eye
BioID-FaceDatabase-V1/BioID_0199.pgm;BioID-FaceDatabase-V1/BioID_0199.eye
BioID-FaceDatabase-V1/BioID_0200.pgm;BioID-FaceDatabase-V1/BioID_0200.eye
BioID-FaceDatabase-V1/BioID_0201.pgm;BioID-FaceDatabase-V1/BioID_0201.eye
BioID-FaceDatabase-V1/BioID_0202.pgm;BioID-FaceDatabase-V1/BioID_0202.eye
BioID-FaceDatabase-V1/BioID_0203.pgm;BioID-FaceDatabase-V1/BioID_0203.eye
BioID-FaceDatabase-V1/BioID_0204.pgm;BioID-FaceDatabase-V1/BioID_0204.eye
BioID-FaceDatabase-V1/BioID_0205.pgm;BioID-FaceDatabase-V1/BioID_0205.eye
BioID-FaceDatabase-V1/BioID_0206.pgm;BioID-FaceDatabase-V1/BioID_0206.eye
BioID-FaceDatabase-V1/BioID_0207.pgm;BioID-FaceDatabase-V1/BioID_0207.eye
BioID-FaceDatabase-V1/BioID_0208.pgm;BioID-FaceDatabase-V1/BioID_0208.eye
BioID-FaceDatabase-V1/BioID_0209.pgm;BioID-FaceDatabase-V1/BioID_0209.eye
BioID-FaceDatabase-V1/BioID_0210.pgm;BioID-FaceDatabase-V1/BioID_0210.eye
BioID-FaceDatabase-V1/BioID_0211.pgm;BioID-FaceDatabase-V1/BioID_0211.eye
BioID-FaceDatabase-V1/BioID_0212.pgm;BioID-FaceDatabase-V1/BioID_0212.eye
BioID-FaceDatabase-V1/BioID_0213.pgm;BioID-FaceDatabase-V1/BioID_0213.eye
BioID-FaceDatabase-V1/BioID_0214.pgm;BioID-FaceDatabase-V1/BioID_0214.eye
BioID-FaceDatabase-V1/BioID_0215.pgm;BioID-FaceDatabase-V1/BioID_0215.eye
BioID-FaceDatabase-V1/BioID_0216.pgm;BioID-FaceDatabase-V1/BioID_0216.eye
BioID-FaceDatabase-V1/BioID_0217.pgm;BioID-FaceDatabase-V1/BioID_0217.eye
BioID-FaceDatabase-V1/BioID_0218.pgm;BioID-FaceDatabase-V1/BioID_0218.eye
BioID-FaceDatabase-V1/BioID_0219.pgm;BioID-FaceDatabase-V1/BioID_0219.eye
BioID-FaceDatabase-V1/BioID_0220.pgm;BioID-FaceDatabase-V1/BioID_0220.eye
BioID-FaceDatabase-V1/BioID_0221.pgm;BioID-FaceDatabase-V1/BioID_0221.eye
BioID-FaceDatabase-V1/BioID_0222.pgm;BioID-FaceDatabase-V1/BioID_0222.eye
BioID-FaceDatabase-V1/BioID_0223.pgm;BioID-FaceDatabase-V1/BioID_0223.eye
BioID-FaceDatabase-V1/BioID_0224.pgm;BioID-FaceDatabase-V1/BioID_0224.eye
BioID-FaceDatabase-V1/BioID_0225.pgm;BioID-FaceDatabase-V1/BioID_0225.eye
BioID-FaceDatabase-V1/BioID_0226.pgm;BioID-FaceDatabase-V1/BioID_0226.eye
BioID-FaceDatabase-V1/BioID_0227.pgm;BioID-FaceDatabase-V1/BioID_0227.eye
BioID-FaceDatabase-V1/BioID_0228.pgm;BioID-FaceDatabase-V1/BioID_0228.eye
BioID-FaceDatabase-V1/BioID_0229.pgm;BioID-FaceDatabase-V1/BioID_0229.eye
BioID-FaceDatabase-V1/BioID_0230.pgm;BioID-FaceDatabase-V1/BioID_0230.eye
BioID-FaceDatabase-V1/BioID_0231.pgm;BioID-FaceDatabase-V1/BioID_0231.eye
BioID-FaceDatabase-V1/BioID_0232.pgm;BioID-FaceDatabase-V1/BioID_0232.eye
BioID-FaceDatabase-V1/BioID_0233.pgm;BioID-FaceDatabase-V1/BioID_0233.eye
BioID-FaceDatabase-V1/BioID_0234.pgm;BioID-FaceDatabase-V1/BioID_0234.eye
BioID-FaceDatabase-V1/BioID_0235.pgm;BioID-FaceDatabase-V1/BioID_0235.eye
BioID-FaceDatabase-V1/BioID_0236.pgm;BioID-FaceDatabase-V1/BioID_0236.eye
BioID-FaceDatabase-V1/BioID_0237.pgm;BioID-FaceDatabase-V1/BioID_0237.eye
BioID-FaceDatabase-V1/BioID_0238.pgm;BioID-FaceDatabase-V1/BioID_0238.eye
BioID-FaceDatabase-V1/BioID_0239.pgm;BioID-FaceDatabase-V1/BioID_0239.eye
BioID-FaceDatabase-V1/BioID_0240.pgm;BioID-FaceDatabase-V1/BioID_0240.eye
BioID-FaceDatabase-V1/BioID_0241.pgm;BioID-FaceDatabase-V1/BioID_0241.eye
BioID-FaceDatabase-V1/BioID_0242.pgm;BioID-FaceDatabase-V1/BioID_0242.eye
BioID-FaceDatabase-V1/BioID_0243.pgm;BioID-FaceDatabase-V1/BioID_0243.eye
BioID-FaceDatabase-V1/BioID_0244.pgm;BioID-FaceDatabase-V1/BioID_0244.eye
BioID-FaceDatabase-V1/BioID_0245.pgm;BioID-FaceDatabase-V1/BioID_0245.eye
BioID-FaceDatabase-V1/BioID_0246.pgm;BioID-FaceDatabase-V1/BioID_0246.eye
BioID-FaceDatabase-V1/BioID_0247.pgm;BioID-FaceDatabase-V1/BioID_0247.eye
BioID-FaceDatabase-V1/BioID_0248.pgm;BioID-FaceDatabase-V1/BioID_0248.eye
BioID-FaceDatabase-V1/BioID_0249.pgm;BioID-FaceDatabase-V1/BioID_0249.eye
BioID-FaceDatabase-V1/BioID_0250.pgm;BioID-FaceDatabase-V1/BioID_0250.eye
BioID-FaceDatabase-V1/BioID_0251.pgm;BioID-FaceDatabase-V1/BioID_0251.eye
BioID-FaceDatabase-V1/BioID_0252.pgm;BioID-FaceDatabase-V1/BioID_0252.eye
BioID-FaceDatabase-V1/BioID_0253.pgm;BioID-FaceDatabase-V1/BioID_0253.eye
BioID-FaceDatabase-V1/BioID_0254.pgm;BioID-FaceDatabase-V1/BioID_0254.eye
BioID-FaceDatabase-V1/BioID_0255.pgm;BioID-FaceDatabase-V1/BioID_0255.eye
BioID-FaceDatabase-V1/BioID_0256.pgm;BioID-FaceDatabase-V1/BioID_0256.eye
BioID-FaceDatabase-V1/BioID_0257.pgm;BioID-FaceDatabase-V1/BioID_0257.eye
BioID-FaceDatabase-V1/BioID_0258.pgm;BioID-FaceDatabase-V1/BioID_0258.eye
BioID-FaceDatabase-V1/BioID_0259.pgm;BioID-FaceDatabase-V1/BioID_0259.eye
BioID-FaceDatabase-V1/BioID_0260.pgm;BioID-FaceDatabase-V1/BioID_0260.eye
BioID-FaceDatabase-V1/BioID_0261.pgm;BioID-FaceDatabase-V1/BioID_0261.eye
BioID-FaceDatabase-V1/BioID_0262.pgm;BioID-FaceDatabase-V1/BioID_0262.eye
BioID-FaceDatabase-V1/BioID_0263.pgm;BioID-FaceDatabase-V1/BioID_0263.eye
BioID-FaceDatabase-V1/BioID_0264.pgm;BioID-FaceDatabase-V1/BioID_0264.eye
BioID-FaceDatabase-V1/BioID_0265.pgm;BioID-FaceDatabase-V1/BioID_0265.eye
BioID-FaceDatabase-V1/BioID_0266.pgm;BioID-FaceDatabase-V1/BioID_0266.eye
BioID-FaceDatabase-V1/BioID_0267.pgm;BioID-FaceDatabase-V1/BioID_0267.eye
BioID-FaceDatabase-V1/BioID_0268.pgm;BioID-FaceDatabase-V1/BioID_0268.eye
BioID-FaceDatabase-V1/BioID_0269.pgm;BioID-FaceDatabase-V1/BioID_0269.eye
BioID-FaceDatabase-V1/BioID_0270.pgm;BioID-FaceDatabase-V1/BioID_0270.eye
BioID-FaceDatabase-V1/BioID_0271.pgm;BioID-FaceDatabase-V1/BioID_0271.eye
BioID-FaceDatabase-V1/BioID_0272.pgm;BioID-FaceDatabase-V1/BioID_0272.eye
BioID-FaceDatabase-V1/BioID_0273.pgm;BioID-FaceDatabase-V1/BioID_0273.eye
BioID-FaceDatabase-V1/BioID_0274.pgm;BioID-FaceDatabase-V1/BioID_0274.eye
BioID-FaceDatabase-V1/BioID_0275.pgm;BioID-FaceDatabase-V1/BioID_0275.eye
BioID-FaceDatabase-V1/BioID_0276.pgm;BioID-FaceDatabase-V1/BioID_0276.eye
BioID-FaceDatabase-V1/BioID_0277.pgm;BioID-FaceDatabase-V1/BioID_0277.eye
BioID-FaceDatabase-V1/BioID_0278.pgm;BioID-FaceDatabase-V1/BioID_0278.eye
BioID-FaceDatabase-V1/BioID_0279.pgm;BioID-FaceDatabase-V1/BioID_0279.eye
BioID-FaceDatabase-V1/BioID_0280.pgm;BioID-FaceDatabase-V1/BioID_0280.eye
BioID-FaceDatabase-V1/BioID_0281.pgm;BioID-FaceDatabase-V1/BioID_0281.eye
BioID-FaceDatabase-V1/BioID_0282.pgm;BioID-FaceDatabase-V1/BioID_0282.eye
BioID-FaceDatabase-V1/BioID_0283.pgm;BioID-FaceDatabase-V1/BioID_0283.eye
BioID-FaceDatabase-V1/BioID_0284.pgm;BioID-FaceDatabase-V1/BioID_0284.eye
BioID-FaceDatabase-V1/BioID_0285.pgm;BioID-FaceDatabase-V1/BioID_0285.eye
BioID-FaceDatabase-V1/BioID_0286.pgm;BioID-FaceDatabase-V1/BioID_0286.eye
BioID-FaceDatabase-V1/BioID_0287.pgm;BioID-FaceDatabase-V1/BioID_0287.eye
BioID-FaceDatabase-V1/BioID_0288.pgm;BioID-FaceDatabase-V1/BioID_0288.eye
BioID-FaceDatabase-V1/BioID_0289.pgm;BioID-FaceDatabase-V1/BioID_0289.eye
BioID-FaceDatabase-V1/BioID_0290.pgm;BioID-FaceDatabase-V1/BioID_0290.eye
BioID-FaceDatabase-V1/BioID_0291.pgm;BioID-FaceDatabase-V1/BioID_0291.eye
BioID-FaceDatabase-V1/BioID_0292.pgm;BioID-FaceDatabase-V1/BioID_0292.eye
BioID-FaceDatabase-V1/BioID_0293.pgm;BioID-FaceDatabase-V1/BioID_0293.eye
BioID-FaceDatabase-V1/BioID_0294.pgm;BioID-FaceDatabase-V1/BioID_0294.eye
BioID-FaceDatabase-V1/BioID_0295.pgm;BioID-FaceDatabase-V1/BioID_0295.eye
BioID-FaceDatabase-V1/BioID_0296.pgm;BioID-FaceDatabase-V1/BioID_0296.eye
BioID-FaceDatabase-V1/BioID_0297.pgm;BioID-FaceDatabase-V1/BioID_0297.eye
BioID-FaceDatabase-V1/BioID_0298.pgm;BioID-FaceDatabase-V1/BioID_0298.eye
BioID-FaceDatabase-V1/BioID_0299.pgm;BioID-FaceDatabase-V1/BioID_0299.eye
BioID-FaceDatabase-V1/BioID_0300.pgm;BioID-FaceDatabase-V1/BioID_0300.eye
BioID-FaceDatabase-V1/BioID_0301.pgm;BioID-FaceDatabase-V1/BioID_0301.eye
BioID-FaceDatabase-V1/BioID_0302.pgm;BioID-FaceDatabase-V1/BioID_0302.eye
BioID-FaceDatabase-V1/BioID_0303.pgm;BioID-FaceDatabase-V1/BioID_0303.eye
BioID-FaceDatabase-V1/BioID_0304.pgm;BioID-FaceDatabase-V1/BioID_0304.eye
BioID-FaceDatabase-V1/BioID_0305.pgm;BioID-FaceDatabase-V1/BioID_0305.eye
BioID-FaceDatabase-V1/BioID_0306.pgm;BioID-FaceDatabase-V1/BioID_0306.eye
BioID-FaceDatabase-V1/BioID_0307.pgm;BioID-FaceDatabase-V1/BioID_0307.eye
BioID-FaceDatabase-V1/BioID_0308.pgm;BioID-FaceDatabase-V1/BioID_0308.eye
BioID-FaceDatabase-V1/BioID_0309.pgm;BioID-FaceDatabase-V1/BioID_0309.eye
BioID-FaceDatabase-V1/BioID_0310.pgm;BioID-FaceDatabase-V1/BioID_0310.eye
BioID-FaceDatabase-V1/BioID_0311.pgm;BioID-FaceDatabase-V1/BioID_0311.eye
BioID-FaceDatabase-V1/BioID_0312.pgm;BioID-FaceDatabase-V1/BioID_0312.eye
BioID-FaceDatabase-V1/BioID_0313.pgm;BioID-FaceDatabase-V1/BioID_0313.eye
BioID-FaceDatabase-V1/BioID_0314.pgm;BioID-FaceDatabase-V1/BioID_0314.eye
BioID-FaceDatabase-V1/BioID_0315.pgm;BioID-FaceDatabase-V1/BioID_0315.eye
BioID-FaceDatabase-V1/BioID_0316.pgm;BioID-FaceDatabase-V1/BioID_0316.eye
BioID-FaceDatabase-V1/BioID_0317.pgm;BioID-FaceDatabase-V1/BioID_0317.eye
BioID-FaceDatabase-V1/BioID_0318.pgm;BioID-FaceDatabase-V1/BioID_0318.eye
BioID-FaceDatabase-V1/BioID_0319.pgm;BioID-FaceDatabase-V1/BioID_0319.eye
BioID-FaceDatabase-V1/BioID_0320.pgm;BioID-FaceDatabase-V1/BioID_0320.eye
BioID-FaceDatabase-V1/BioID_0321.pgm;BioID-FaceDatabase-V1/BioID_0321.eye
BioID-FaceDatabase-V1/BioID_0322.pgm;BioID-FaceDatabase-V1/BioID_0322.eye
BioID-FaceDatabase-V1/BioID_0323.pgm;BioID-FaceDatabase-V1/BioID_0323.eye
BioID-FaceDatabase-V1/BioID_0324.pgm;BioID-FaceDatabase-V1/BioID_0324.eye
BioID-FaceDatabase-V1/BioID_0325.pgm;BioID-FaceDatabase-V1/BioID_0325.eye
BioID-FaceDatabase-V1/BioID_0326.pgm;BioID-FaceDatabase-V1/BioID_0326.eye
BioID-FaceDatabase-V1/BioID_0327.pgm;BioID-FaceDatabase-V1/BioID_0327.eye
BioID-FaceDatabase-V1/BioID_0328.pgm;BioID-FaceDatabase-V1/BioID_0328.eye
BioID-FaceDatabase-V1/BioID_0329.pgm;BioID-FaceDatabase-V1/BioID_0329.eye
BioID-FaceDatabase-V1/BioID_0330.pgm;BioID-FaceDatabase-V1/BioID_0330.eye
BioID-FaceDatabase-V1/BioID_0331.pgm;BioID-FaceDatabase-V1/BioID_0331.eye
BioID-FaceDatabase-V1/BioID_0332.pgm;BioID-FaceDatabase-V1/BioID_0332.eye
BioID-FaceDatabase-V1/BioID_0333.pgm;BioID-FaceDatabase-V1/BioID_0333.eye
BioID-FaceDatabase-V1/BioID_0334.pgm;BioID-FaceDatabase-V1/BioID_0334.eye
BioID-FaceDatabase-V1/BioID_0335.pgm;BioID-FaceDatabase-V1/BioID_0335.eye
BioID-FaceDatabase-V1/BioID_0336.pgm;BioID-FaceDatabase-V1/BioID_0336.eye
BioID-FaceDatabase-V1/BioID_0337.pgm;BioID-FaceDatabase-V1/BioID_0337.eye
BioID-FaceDatabase-V1/BioID_0338.pgm;BioID-FaceDatabase-V1/BioID_0338.eye
BioID-FaceDatabase-V1/BioID_0339.pgm;BioID-FaceDatabase-V1/BioID_0339.eye
BioID-FaceDatabase-V1/BioID_0340.pgm;BioID-FaceDatabase-V1/BioID_0340.eye
BioID-FaceDatabase-V1/BioID_0341.pgm;BioID-FaceDatabase-V1/BioID_0341.eye
BioID-FaceDatabase-V1/BioID_0342.pgm;BioID-FaceDatabase-V1/BioID_0342.eye
BioID-FaceDatabase-V1/BioID_0343.pgm;BioID-FaceDatabase-V1/BioID_0343.eye
BioID-FaceDatabase-V1/BioID_0344.pgm;BioID-FaceDatabase-V1/BioID_0344.eye
BioID-FaceDatabase-V1/BioID_0345.pgm;BioID-FaceDatabase-V1/BioID_0345.eye
BioID-FaceDatabase-V1/BioID_0346.pgm;BioID-FaceDatabase-V1/BioID_0346.eye
BioID-FaceDatabase-V1/BioID_0347.pgm;BioID-FaceDatabase-V1/BioID_0347.eye
BioID-FaceDatabase-V1/BioID_0348.pgm;BioID-FaceDatabase-V1/BioID_0348.eye
BioID-FaceDatabase-V1/BioID_0349.pgm;BioID-FaceDatabase-V1/BioID_0349.eye
BioID-FaceDatabase-V1/BioID_0350.pgm;BioID-FaceDatabase-V1/BioID_0350.eye
BioID-FaceDatabase-V1/BioID_0351.pgm;BioID-FaceDatabase-V1/BioID_0351.eye
BioID-FaceDatabase-V1/BioID_0352.pgm;BioID-FaceDatabase-V1/BioID_0352.eye
BioID-FaceDatabase-V1/BioID_0353.pgm;BioID-FaceDatabase-V1/BioID_0353.eye
BioID-FaceDatabase-V1/BioID_0354.pgm;BioID-FaceDatabase-V1/BioID_0354.eye
BioID-FaceDatabase-V1/BioID_0355.pgm;BioID-FaceDatabase-V1/BioID_0355.eye
BioID-FaceDatabase-V1/BioID_0356.pgm;BioID-FaceDatabase-V1/BioID_0356.eye
BioID-FaceDatabase-V1/BioID_0357.pgm;BioID-FaceDatabase-V1/BioID_0357.eye
BioID-FaceDatabase-V1/BioID_0358.pgm;BioID-FaceDatabase-V1/BioID_0358.eye
BioID-FaceDatabase-V1/BioID_0359.pgm;BioID-FaceDatabase-V1/BioID_0359.eye
BioID-FaceDatabase-V1/BioID_0360.pgm;BioID-FaceDatabase-V1/BioID_0360.eye
BioID-FaceDatabase-V1/BioID_0361.pgm;BioID-FaceDatabase-V1/BioID_0361.eye
BioID-FaceDatabase-V1/BioID_0362.pgm;BioID-FaceDatabase-V1/BioID_0362.eye
BioID-FaceDatabase-V1/BioID_0363.pgm;BioID-FaceDatabase-V1/BioID_0363.eye
BioID-FaceDatabase-V1/BioID_0364.pgm;BioID-FaceDatabase-V1/BioID_0364.eye
BioID-FaceDatabase-V1/BioID_0365.pgm;BioID-FaceDatabase-V1/BioID_0365.eye
BioID-FaceDatabase-V1/BioID_0366.pgm;BioID-FaceDatabase-V1/BioID_0366.eye
BioID-FaceDatabase-V1/BioID_0367.pgm;BioID-FaceDatabase-V1/BioID_0367.eye
BioID-FaceDatabase-V1/BioID_0368.pgm;BioID-FaceDatabase-V1/BioID_0368.eye
BioID-FaceDatabase-V1/BioID_0369.pgm;BioID-FaceDatabase-V1/BioID_0369.eye
BioID-FaceDatabase-V1/BioID_0370.pgm;BioID-FaceDatabase-V1/BioID_0370.eye
BioID-FaceDatabase-V1/BioID_0371.pgm;BioID-FaceDatabase-V1/BioID_0371.eye
BioID-FaceDatabase-V1/BioID_0372.pgm;BioID-FaceDatabase-V1/BioID_0372.eye
BioID-FaceDatabase-V1/BioID_0373.pgm;BioID-FaceDatabase-V1/BioID_0373.eye
BioID-FaceDatabase-V1/BioID_0374.pgm;BioID-FaceDatabase-V1/BioID_0374.eye
BioID-FaceDatabase-V1/BioID_0375.pgm;BioID-FaceDatabase-V1/BioID_0375.eye
BioID-FaceDatabase-V1/BioID_0376.pgm;BioID-FaceDatabase-V1/BioID_0376.eye
BioID-FaceDatabase-V1/BioID_0377.pgm;BioID-FaceDatabase-V1/BioID_0377.eye
BioID-FaceDatabase-V1/BioID_0378.pgm;BioID-FaceDatabase-V1/BioID_0378.eye
BioID-FaceDatabase-V1/BioID_0379.pgm;BioID-FaceDatabase-V1/BioID_0379.eye
BioID-FaceDatabase-V1/BioID_0380.pgm;BioID-FaceDatabase-V1/BioID_0380.eye
BioID-FaceDatabase-V1/BioID_0381.pgm;BioID-FaceDatabase-V1/BioID_0381.eye
BioID-FaceDatabase-V1/BioID_0382.pgm;BioID-FaceDatabase-V1/BioID_0382.eye
BioID-FaceDatabase-V1/BioID_0383.pgm;BioID-FaceDatabase-V1/BioID_0383.eye
BioID-FaceDatabase-V1/BioID_0384.pgm;BioID-FaceDatabase-V1/BioID_0384.eye
BioID-FaceDatabase-V1/BioID_0385.pgm;BioID-FaceDatabase-V1/BioID_0385.eye
BioID-FaceDatabase-V1/BioID_0386.pgm;BioID-FaceDatabase-V1/BioID_0386.eye
BioID-FaceDatabase-V1/BioID_0387.pgm;BioID-FaceDatabase-V1/BioID_0387.eye
BioID-FaceDatabase-V1/BioID_0388.pgm;BioID-FaceDatabase-V1/BioID_0388.eye
BioID-FaceDatabase-V1/BioID_0389.pgm;BioID-FaceDatabase-V1/BioID_0389.eye
BioID-FaceDatabase-V1/BioID_0390.pgm;BioID-FaceDatabase-V1/BioID_0390.eye
BioID-FaceDatabase-V1/BioID_0391.pgm;BioID-FaceDatabase-V1/BioID_0391.eye
BioID-FaceDatabase-V1/BioID_0392.pgm;BioID-FaceDatabase-V1/BioID_0392.eye
BioID-FaceDatabase-V1/BioID_0393.pgm;BioID-FaceDatabase-V1/BioID_0393.eye
BioID-FaceDatabase-V1/BioID_0394.pgm;BioID-FaceDatabase-V1/BioID_0394.eye
BioID-FaceDatabase-V1/BioID_0395.pgm;BioID-FaceDatabase-V1/BioID_0395.eye
BioID-FaceDatabase-V1/BioID_0396.pgm;BioID-FaceDatabase-V1/BioID_0396.eye
BioID-FaceDatabase-V1/BioID_0397.pgm;BioID-FaceDatabase-V1/BioID_0397.eye
BioID-FaceDatabase-V1/BioID_0398.pgm;BioID-FaceDatabase-V1/BioID_0398.eye
BioID-FaceDatabase-V1/BioID_0399.pgm;BioID-FaceDatabase-V1/BioID_0399.eye
BioID-FaceDatabase-V1/BioID_0400.pgm;BioID-FaceDatabase-V1/BioID_0400.eye
BioID-FaceDatabase-V1/BioID_0401.pgm;BioID-FaceDatabase-V1/BioID_0401.eye
BioID-FaceDatabase-V1/BioID_0402.pgm;BioID-FaceDatabase-V1/BioID_0402.eye
BioID-FaceDatabase-V1/BioID_0403.pgm;BioID-FaceDatabase-V1/BioID_0403.eye
BioID-FaceDatabase-V1/BioID_0404.pgm;BioID-FaceDatabase-V1/BioID_0404.eye
BioID-FaceDatabase-V1/BioID_0405.pgm;BioID-FaceDatabase-V1/BioID_0405.eye
BioID-FaceDatabase-V1/BioID_0406.pgm;BioID-FaceDatabase-V1/BioID_0406.eye
BioID-FaceDatabase-V1/BioID_0407.pgm;BioID-FaceDatabase-V1/BioID_0407.eye
BioID-FaceDatabase-V1/BioID_0408.pgm;BioID-FaceDatabase-V1/BioID_0408.eye
BioID-FaceDatabase-V1/BioID_0409.pgm;BioID-FaceDatabase-V1/BioID_0409.eye
BioID-FaceDatabase-V1/BioID_0410.pgm;BioID-FaceDatabase-V1/BioID_0410.eye
BioID-FaceDatabase-V1/BioID_0411.pgm;BioID-FaceDatabase-V1/BioID_0411.eye
BioID-FaceDatabase-V1/BioID_0412.pgm;BioID-FaceDatabase-V1/BioID_0412.eye
BioID-FaceDatabase-V1/BioID_0413.pgm;BioID-FaceDatabase-V1/BioID_0413.eye
BioID-FaceDatabase-V1/BioID_0414.pgm;BioID-FaceDatabase-V1/BioID_0414.eye
BioID-FaceDatabase-V1/BioID_0415.pgm;BioID-FaceDatabase-V1/BioID_0415.eye
BioID-FaceDatabase-V1/BioID_0416.pgm;BioID-FaceDatabase-V1/BioID_0416.eye
BioID-FaceDatabase-V1/BioID_0417.pgm;BioID-FaceDatabase-V1/BioID_0417.eye
BioID-FaceDatabase-V1/BioID_0418.pgm;BioID-FaceDatabase-V1/BioID_0418.eye
BioID-FaceDatabase-V1/BioID_0419.pgm;BioID-FaceDatabase-V1/BioID_0419.eye
BioID-FaceDatabase-V1/BioID_0420.pgm;BioID-FaceDatabase-V1/BioID_0420.eye
BioID-FaceDatabase-V1/BioID_0421.pgm;BioID-FaceDatabase-V1/BioID_0421.eye
BioID-FaceDatabase-V1/BioID_0422.pgm;BioID-FaceDatabase-V1/BioID_0422.eye
BioID-FaceDatabase-V1/BioID_0423.pgm;BioID-FaceDatabase-V1/BioID_0423.eye
BioID-FaceDatabase-V1/BioID_0424.pgm;BioID-FaceDatabase-V1/BioID_0424.eye
BioID-FaceDatabase-V1/BioID_0425.pgm;BioID-FaceDatabase-V1/BioID_0425.eye
BioID-FaceDatabase-V1/BioID_0426.pgm;BioID-FaceDatabase-V1/BioID_0426.eye
BioID-FaceDatabase-V1/BioID_0427.pgm;BioID-FaceDatabase-V1/BioID_0427.eye
BioID-FaceDatabase-V1/BioID_0428.pgm;BioID-FaceDatabase-V1/BioID_0428.eye
BioID-FaceDatabase-V1/BioID_0429.pgm;BioID-FaceDatabase-V1/BioID_0429.eye
BioID-FaceDatabase-V1/BioID_0430.pgm;BioID-FaceDatabase-V1/BioID_0430.eye
BioID-FaceDatabase-V1/BioID_0431.pgm;BioID-FaceDatabase-V1/BioID_0431.eye
BioID-FaceDatabase-V1/BioID_0432.pgm;BioID-FaceDatabase-V1/BioID_0432.eye
BioID-FaceDatabase-V1/BioID_0433.pgm;BioID-FaceDatabase-V1/BioID_0433.eye
BioID-FaceDatabase-V1/BioID_0434.pgm;BioID-FaceDatabase-V1/BioID_0434.eye
BioID-FaceDatabase-V1/BioID_0435.pgm;BioID-FaceDatabase-V1/BioID_0435.eye
BioID-FaceDatabase-V1/BioID_0436.pgm;BioID-FaceDatabase-V1/BioID_0436.eye
BioID-FaceDatabase-V1/BioID_0437.pgm;BioID-FaceDatabase-V1/BioID_0437.eye
BioID-FaceDatabase-V1/BioID_0438.pgm;BioID-FaceDatabase-V1/BioID_0438.eye
BioID-FaceDatabase-V1/BioID_0439.pgm;BioID-FaceDatabase-V1/BioID_0439.eye
BioID-FaceDatabase-V1/BioID_0440.pgm;BioID-FaceDatabase-V1/BioID_0440.eye
BioID-FaceDatabase-V1/BioID_0441.pgm;BioID-FaceDatabase-V1/BioID_0441.eye
BioID-FaceDatabase-V1/BioID_0442.pgm;BioID-FaceDatabase-V1/BioID_0442.eye
BioID-FaceDatabase-V1/BioID_0443.pgm;BioID-FaceDatabase-V1/BioID_0443.eye
BioID-FaceDatabase-V1/BioID_0444.pgm;BioID-FaceDatabase-V1/BioID_0444.eye
BioID-FaceDatabase-V1/BioID_0445.pgm;BioID-FaceDatabase-V1/BioID_0445.eye
BioID-FaceDatabase-V1/BioID_0446.pgm;BioID-FaceDatabase-V1/BioID_0446.eye
BioID-FaceDatabase-V1/BioID_0447.pgm;BioID-FaceDatabase-V1/BioID_0447.eye
BioID-FaceDatabase-V1/BioID_0448.pgm;BioID-FaceDatabase-V1/BioID_0448.eye
BioID-FaceDatabase-V1/BioID_0449.pgm;BioID-FaceDatabase-V1/BioID_0449.eye
BioID-FaceDatabase-V1/BioID_0450.pgm;BioID-FaceDatabase-V1/BioID_0450.eye
BioID-FaceDatabase-V1/BioID_0451.pgm;BioID-FaceDatabase-V1/BioID_0451.eye
BioID-FaceDatabase-V1/BioID_0452.pgm;BioID-FaceDatabase-V1/BioID_0452.eye
BioID-FaceDatabase-V1/BioID_0453.pgm;BioID-FaceDatabase-V1/BioID_0453.eye
BioID-FaceDatabase-V1/BioID_0454.pgm;BioID-FaceDatabase-V1/BioID_0454.eye
BioID-FaceDatabase-V1/BioID_0455.pgm;BioID-FaceDatabase-V1/BioID_0455.eye
BioID-FaceDatabase-V1/BioID_0456.pgm;BioID-FaceDatabase-V1/BioID_0456.eye
BioID-FaceDatabase-V1/BioID_0457.pgm;BioID-FaceDatabase-V1/BioID_0457.eye
BioID-FaceDatabase-V1/BioID_0458.pgm;BioID-FaceDatabase-V1/BioID_0458.eye
BioID-FaceDatabase-V1/BioID_0459.pgm;BioID-FaceDatabase-V1/BioID_0459.eye
BioID-FaceDatabase-V1/BioID_0460.pgm;BioID-FaceDatabase-V1/BioID_0460.eye
BioID-FaceDatabase-V1/BioID_0461.pgm;BioID-FaceDatabase-V1/BioID_0461.eye
BioID-FaceDatabase-V1/BioID_0462.pgm;BioID-FaceDatabase-V1/BioID_0462.eye
BioID-FaceDatabase-V1/BioID_0463.pgm;BioID-FaceDatabase-V1/BioID_0463.eye
BioID-FaceDatabase-V1/BioID_0464.pgm;BioID-FaceDatabase-V1/BioID_0464.eye
BioID-FaceDatabase-V1/BioID_0465.pgm;BioID-FaceDatabase-V1/BioID_0465.eye
BioID-FaceDatabase-V1/BioID_0466.pgm;BioID-FaceDatabase-V1/BioID_0466.eye
BioID-FaceDatabase-V1/BioID_0467.pgm;BioID-FaceDatabase-V1/BioID_0467.eye
BioID-FaceDatabase-V1/BioID_0468.pgm;BioID-FaceDatabase-V1/BioID_0468.eye
BioID-FaceDatabase-V1/BioID_0469.pgm;BioID-FaceDatabase-V1/BioID_0469.eye
BioID-FaceDatabase-V1/BioID_0470.pgm;BioID-FaceDatabase-V1/BioID_0470.eye
BioID-FaceDatabase-V1/BioID_0471.pgm;BioID-FaceDatabase-V1/BioID_0471.eye
BioID-FaceDatabase-V1/BioID_0472.pgm;BioID-FaceDatabase-V1/BioID_0472.eye
BioID-FaceDatabase-V1/BioID_0473.pgm;BioID-FaceDatabase-V1/BioID_0473.eye
BioID-FaceDatabase-V1/BioID_0474.pgm;BioID-FaceDatabase-V1/BioID_0474.eye
BioID-FaceDatabase-V1/BioID_0475.pgm;BioID-FaceDatabase-V1/BioID_0475.eye
BioID-FaceDatabase-V1/BioID_0476.pgm;BioID-FaceDatabase-V1/BioID_0476.eye
BioID-FaceDatabase-V1/BioID_0477.pgm;BioID-FaceDatabase-V1/BioID_0477.eye
BioID-FaceDatabase-V1/BioID_0478.pgm;BioID-FaceDatabase-V1/BioID_0478.eye
BioID-FaceDatabase-V1/BioID_0479.pgm;BioID-FaceDatabase-V1/BioID_0479.eye
BioID-FaceDatabase-V1/BioID_0480.pgm;BioID-FaceDatabase-V1/BioID_0480.eye
BioID-FaceDatabase-V1/BioID_0481.pgm;BioID-FaceDatabase-V1/BioID_0481.eye
BioID-FaceDatabase-V1/BioID_0482.pgm;BioID-FaceDatabase-V1/BioID_0482.eye
BioID-FaceDatabase-V1/BioID_0483.pgm;BioID-FaceDatabase-V1/BioID_0483.eye
BioID-FaceDatabase-V1/BioID_0484.pgm;BioID-FaceDatabase-V1/BioID_0484.eye
BioID-FaceDatabase-V1/BioID_0485.pgm;BioID-FaceDatabase-V1/BioID_0485.eye
BioID-FaceDatabase-V1/BioID_0486.pgm;BioID-FaceDatabase-V1/BioID_0486.eye
BioID-FaceDatabase-V1/BioID_0487.pgm;BioID-FaceDatabase-V1/BioID_0487.eye
BioID-FaceDatabase-V1/BioID_0488.pgm;BioID-FaceDatabase-V1/BioID_0488.eye
BioID-FaceDatabase-V1/BioID_0489.pgm;BioID-FaceDatabase-V1/BioID_0489.eye
BioID-FaceDatabase-V1/BioID_0490.pgm;BioID-FaceDatabase-V1/BioID_0490.eye
BioID-FaceDatabase-V1/BioID_0491.pgm;BioID-FaceDatabase-V1/BioID_0491.eye
BioID-FaceDatabase-V1/BioID_0492.pgm;BioID-FaceDatabase-V1/BioID_0492.eye
BioID-FaceDatabase-V1/BioID_0493.pgm;BioID-FaceDatabase-V1/BioID_0493.eye
BioID-FaceDatabase-V1/BioID_0494.pgm;BioID-FaceDatabase-V1/BioID_0494.eye
BioID-FaceDatabase-V1/BioID_0495.pgm;BioID-FaceDatabase-V1/BioID_0495.eye
BioID-FaceDatabase-V1/BioID_0496.pgm;BioID-FaceDatabase-V1/BioID_0496.eye
BioID-FaceDatabase-V1/BioID_0497.pgm;BioID-FaceDatabase-V1/BioID_0497.eye
BioID-FaceDatabase-V1/BioID_0498.pgm;BioID-FaceDatabase-V1/BioID_0498.eye
BioID-FaceDatabase-V1/BioID_0499.pgm;BioID-FaceDatabase-V1/BioID_0499.eye
BioID-FaceDatabase-V1/BioID_0500.pgm;BioID-FaceDatabase-V1/BioID_0500.eye
BioID-FaceDatabase-V1/BioID_0501.pgm;BioID-FaceDatabase-V1/BioID_0501.eye
BioID-FaceDatabase-V1/BioID_0502.pgm;BioID-FaceDatabase-V1/BioID_0502.eye
BioID-FaceDatabase-V1/BioID_0503.pgm;BioID-FaceDatabase-V1/BioID_0503.eye
BioID-FaceDatabase-V1/BioID_0504.pgm;BioID-FaceDatabase-V1/BioID_0504.eye
BioID-FaceDatabase-V1/BioID_0505.pgm;BioID-FaceDatabase-V1/BioID_0505.eye
BioID-FaceDatabase-V1/BioID_0506.pgm;BioID-FaceDatabase-V1/BioID_0506.eye
BioID-FaceDatabase-V1/BioID_0507.pgm;BioID-FaceDatabase-V1/BioID_0507.eye
BioID-FaceDatabase-V1/BioID_0508.pgm;BioID-FaceDatabase-V1/BioID_0508.eye
BioID-FaceDatabase-V1/BioID_0509.pgm;BioID-FaceDatabase-V1/BioID_0509.eye
BioID-FaceDatabase-V1/BioID_0510.pgm;BioID-FaceDatabase-V1/BioID_0510.eye
BioID-FaceDatabase-V1/BioID_0511.pgm;BioID-FaceDatabase-V1/BioID_0511.eye
BioID-FaceDatabase-V1/BioID_0512.pgm;BioID-FaceDatabase-V1/BioID_0512.eye
BioID-FaceDatabase-V1/BioID_0513.pgm;BioID-FaceDatabase-V1/BioID_0513.eye
BioID-FaceDatabase-V1/BioID_0514.pgm;BioID-FaceDatabase-V1/BioID_0514.eye
BioID-FaceDatabase-V1/BioID_0515.pgm;BioID-FaceDatabase-V1/BioID_0515.eye
BioID-FaceDatabase-V1/BioID_0516.pgm;BioID-FaceDatabase-V1/BioID_0516.eye
BioID-FaceDatabase-V1/BioID_0517.pgm;BioID-FaceDatabase-V1/BioID_0517.eye
BioID-FaceDatabase-V1/BioID_0518.pgm;BioID-FaceDatabase-V1/BioID_0518.eye
BioID-FaceDatabase-V1/BioID_0519.pgm;BioID-FaceDatabase-V1/BioID_0519.eye
BioID-FaceDatabase-V1/BioID_0520.pgm;BioID-FaceDatabase-V1/BioID_0520.eye
BioID-FaceDatabase-V1/BioID_0521.pgm;BioID-FaceDatabase-V1/BioID_0521.eye
BioID-FaceDatabase-V1/BioID_0522.pgm;BioID-FaceDatabase-V1/BioID_0522.eye
BioID-FaceDatabase-V1/BioID_0523.pgm;BioID-FaceDatabase-V1/BioID_0523.eye
BioID-FaceDatabase-V1/BioID_0524.pgm;BioID-FaceDatabase-V1/BioID_0524.eye
BioID-FaceDatabase-V1/BioID_0525.pgm;BioID-FaceDatabase-V1/BioID_0525.eye
BioID-FaceDatabase-V1/BioID_0526.pgm;BioID-FaceDatabase-V1/BioID_0526.eye
BioID-FaceDatabase-V1/BioID_0527.pgm;BioID-FaceDatabase-V1/BioID_0527.eye
BioID-FaceDatabase-V1/BioID_0528.pgm;BioID-FaceDatabase-V1/BioID_0528.eye
BioID-FaceDatabase-V1/BioID_0529.pgm;BioID-FaceDatabase-V1/BioID_0529.eye
BioID-FaceDatabase-V1/BioID_0530.pgm;BioID-FaceDatabase-V1/BioID_0530.eye
BioID-FaceDatabase-V1/BioID_0531.pgm;BioID-FaceDatabase-V1/BioID_0531.eye
BioID-FaceDatabase-V1/BioID_0532.pgm;BioID-FaceDatabase-V1/BioID_0532.eye
BioID-FaceDatabase-V1/BioID_0533.pgm;BioID-FaceDatabase-V1/BioID_0533.eye
BioID-FaceDatabase-V1/BioID_0534.pgm;BioID-FaceDatabase-V1/BioID_0534.eye
BioID-FaceDatabase-V1/BioID_0535.pgm;BioID-FaceDatabase-V1/BioID_0535.eye
BioID-FaceDatabase-V1/BioID_0536.pgm;BioID-FaceDatabase-V1/BioID_0536.eye
BioID-FaceDatabase-V1/BioID_0537.pgm;BioID-FaceDatabase-V1/BioID_0537.eye
BioID-FaceDatabase-V1/BioID_0538.pgm;BioID-FaceDatabase-V1/BioID_0538.eye
BioID-FaceDatabase-V1/BioID_0539.pgm;BioID-FaceDatabase-V1/BioID_0539.eye
BioID-FaceDatabase-V1/BioID_0540.pgm;BioID-FaceDatabase-V1/BioID_0540.eye
BioID-FaceDatabase-V1/BioID_0541.pgm;BioID-FaceDatabase-V1/BioID_0541.eye
BioID-FaceDatabase-V1/BioID_0542.pgm;BioID-FaceDatabase-V1/BioID_0542.eye
BioID-FaceDatabase-V1/BioID_0543.pgm;BioID-FaceDatabase-V1/BioID_0543.eye
BioID-FaceDatabase-V1/BioID_0544.pgm;BioID-FaceDatabase-V1/BioID_0544.eye
BioID-FaceDatabase-V1/BioID_0545.pgm;BioID-FaceDatabase-V1/BioID_0545.eye
BioID-FaceDatabase-V1/BioID_0546.pgm;BioID-FaceDatabase-V1/BioID_0546.eye
BioID-FaceDatabase-V1/BioID_0547.pgm;BioID-FaceDatabase-V1/BioID_0547.eye
BioID-FaceDatabase-V1/BioID_0548.pgm;BioID-FaceDatabase-V1/BioID_0548.eye
BioID-FaceDatabase-V1/BioID_0549.pgm;BioID-FaceDatabase-V1/BioID_0549.eye
BioID-FaceDatabase-V1/BioID_0550.pgm;BioID-FaceDatabase-V1/BioID_0550.eye
BioID-FaceDatabase-V1/BioID_0551.pgm;BioID-FaceDatabase-V1/BioID_0551.eye
BioID-FaceDatabase-V1/BioID_0552.pgm;BioID-FaceDatabase-V1/BioID_0552.eye
BioID-FaceDatabase-V1/BioID_0553.pgm;BioID-FaceDatabase-V1/BioID_0553.eye
BioID-FaceDatabase-V1/BioID_0554.pgm;BioID-FaceDatabase-V1/BioID_0554.eye
BioID-FaceDatabase-V1/BioID_0555.pgm;BioID-FaceDatabase-V1/BioID_0555.eye
BioID-FaceDatabase-V1/BioID_0556.pgm;BioID-FaceDatabase-V1/BioID_0556.eye
BioID-FaceDatabase-V1/BioID_0557.pgm;BioID-FaceDatabase-V1/BioID_0557.eye
BioID-FaceDatabase-V1/BioID_0558.pgm;BioID-FaceDatabase-V1/BioID_0558.eye
BioID-FaceDatabase-V1/BioID_0559.pgm;BioID-FaceDatabase-V1/BioID_0559.eye
BioID-FaceDatabase-V1/BioID_0560.pgm;BioID-FaceDatabase-V1/BioID_0560.eye
BioID-FaceDatabase-V1/BioID_0561.pgm;BioID-FaceDatabase-V1/BioID_0561.eye
BioID-FaceDatabase-V1/BioID_0562.pgm;BioID-FaceDatabase-V1/BioID_0562.eye
BioID-FaceDatabase-V1/BioID_0563.pgm;BioID-FaceDatabase-V1/BioID_0563.eye
BioID-FaceDatabase-V1/BioID_0564.pgm;BioID-FaceDatabase-V1/BioID_0564.eye
BioID-FaceDatabase-V1/BioID_0565.pgm;BioID-FaceDatabase-V1/BioID_0565.eye
BioID-FaceDatabase-V1/BioID_0566.pgm;BioID-FaceDatabase-V1/BioID_0566.eye
BioID-FaceDatabase-V1/BioID_0567.pgm;BioID-FaceDatabase-V1/BioID_0567.eye
BioID-FaceDatabase-V1/BioID_0568.pgm;BioID-FaceDatabase-V1/BioID_0568.eye
BioID-FaceDatabase-V1/BioID_0569.pgm;BioID-FaceDatabase-V1/BioID_0569.eye
BioID-FaceDatabase-V1/BioID_0570.pgm;BioID-FaceDatabase-V1/BioID_0570.eye
BioID-FaceDatabase-V1/BioID_0571.pgm;BioID-FaceDatabase-V1/BioID_0571.eye
BioID-FaceDatabase-V1/BioID_0572.pgm;BioID-FaceDatabase-V1/BioID_0572.eye
BioID-FaceDatabase-V1/BioID_0573.pgm;BioID-FaceDatabase-V1/BioID_0573.eye
BioID-FaceDatabase-V1/BioID_0574.pgm;BioID-FaceDatabase-V1/BioID_0574.eye
BioID-FaceDatabase-V1/BioID_0575.pgm;BioID-FaceDatabase-V1/BioID_0575.eye
BioID-FaceDatabase-V1/BioID_0576.pgm;BioID-FaceDatabase-V1/BioID_0576.eye
BioID-FaceDatabase-V1/BioID_0577.pgm;BioID-FaceDatabase-V1/BioID_0577.eye
BioID-FaceDatabase-V1/BioID_0578.pgm;BioID-FaceDatabase-V1/BioID_0578.eye
BioID-FaceDatabase-V1/BioID_0579.pgm;BioID-FaceDatabase-V1/BioID_0579.eye
BioID-FaceDatabase-V1/BioID_0580.pgm;BioID-FaceDatabase-V1/BioID_0580.eye
BioID-FaceDatabase-V1/BioID_0581.pgm;BioID-FaceDatabase-V1/BioID_0581.eye
BioID-FaceDatabase-V1/BioID_0582.pgm;BioID-FaceDatabase-V1/BioID_0582.eye
BioID-FaceDatabase-V1/BioID_0583.pgm;BioID-FaceDatabase-V1/BioID_0583.eye
BioID-FaceDatabase-V1/BioID_0584.pgm;BioID-FaceDatabase-V1/BioID_0584.eye
BioID-FaceDatabase-V1/BioID_0585.pgm;BioID-FaceDatabase-V1/BioID_0585.eye
BioID-FaceDatabase-V1/BioID_0586.pgm;BioID-FaceDatabase-V1/BioID_0586.eye
BioID-FaceDatabase-V1/BioID_0587.pgm;BioID-FaceDatabase-V1/BioID_0587.eye
BioID-FaceDatabase-V1/BioID_0588.pgm;BioID-FaceDatabase-V1/BioID_0588.eye
BioID-FaceDatabase-V1/BioID_0589.pgm;BioID-FaceDatabase-V1/BioID_0589.eye
BioID-FaceDatabase-V1/BioID_0590.pgm;BioID-FaceDatabase-V1/BioID_0590.eye
BioID-FaceDatabase-V1/BioID_0591.pgm;BioID-FaceDatabase-V1/BioID_0591.eye
BioID-FaceDatabase-V1/BioID_0592.pgm;BioID-FaceDatabase-V1/BioID_0592.eye
BioID-FaceDatabase-V1/BioID_0593.pgm;BioID-FaceDatabase-V1/BioID_0593.eye
BioID-FaceDatabase-V1/BioID_0594.pgm;BioID-FaceDatabase-V1/BioID_0594.eye
BioID-FaceDatabase-V1/BioID_0595.pgm;BioID-FaceDatabase-V1/BioID_0595.eye
BioID-FaceDatabase-V1/BioID_0596.pgm;BioID-FaceDatabase-V1/BioID_0596.eye
BioID-FaceDatabase-V1/BioID_0597.pgm;BioID-FaceDatabase-V1/BioID_0597.eye
BioID-FaceDatabase-V1/BioID_0598.pgm;BioID-FaceDatabase-V1/BioID_0598.eye
BioID-FaceDatabase-V1/BioID_0599.pgm;BioID-FaceDatabase-V1/BioID_0599.eye
BioID-FaceDatabase-V1/BioID_0600.pgm;BioID-FaceDatabase-V1/BioID_0600.eye
BioID-FaceDatabase-V1/BioID_0601.pgm;BioID-FaceDatabase-V1/BioID_0601.eye
BioID-FaceDatabase-V1/BioID_0602.pgm;BioID-FaceDatabase-V1/BioID_0602.eye
BioID-FaceDatabase-V1/BioID_0603.pgm;BioID-FaceDatabase-V1/BioID_0603.eye
BioID-FaceDatabase-V1/BioID_0604.pgm;BioID-FaceDatabase-V1/BioID_0604.eye
BioID-FaceDatabase-V1/BioID_0605.pgm;BioID-FaceDatabase-V1/BioID_0605.eye
BioID-FaceDatabase-V1/BioID_0606.pgm;BioID-FaceDatabase-V1/BioID_0606.eye
BioID-FaceDatabase-V1/BioID_0607.pgm;BioID-FaceDatabase-V1/BioID_0607.eye
BioID-FaceDatabase-V1/BioID_0608.pgm;BioID-FaceDatabase-V1/BioID_0608.eye
BioID-FaceDatabase-V1/BioID_0609.pgm;BioID-FaceDatabase-V1/BioID_0609.eye
BioID-FaceDatabase-V1/BioID_0610.pgm;BioID-FaceDatabase-V1/BioID_0610.eye
BioID-FaceDatabase-V1/BioID_0611.pgm;BioID-FaceDatabase-V1/BioID_0611.eye
BioID-FaceDatabase-V1/BioID_0612.pgm;BioID-FaceDatabase-V1/BioID_0612.eye
BioID-FaceDatabase-V1/BioID_0613.pgm;BioID-FaceDatabase-V1/BioID_0613.eye
BioID-FaceDatabase-V1/BioID_0614.pgm;BioID-FaceDatabase-V1/BioID_0614.eye
BioID-FaceDatabase-V1/BioID_0615.pgm;BioID-FaceDatabase-V1/BioID_0615.eye
BioID-FaceDatabase-V1/BioID_0616.pgm;BioID-FaceDatabase-V1/BioID_0616.eye
BioID-FaceDatabase-V1/BioID_0617.pgm;BioID-FaceDatabase-V1/BioID_0617.eye
BioID-FaceDatabase-V1/BioID_0618.pgm;BioID-FaceDatabase-V1/BioID_0618.eye
BioID-FaceDatabase-V1/BioID_0619.pgm;BioID-FaceDatabase-V1/BioID_0619.eye
BioID-FaceDatabase-V1/BioID_0620.pgm;BioID-FaceDatabase-V1/BioID_0620.eye
BioID-FaceDatabase-V1/BioID_0621.pgm;BioID-FaceDatabase-V1/BioID_0621.eye
BioID-FaceDatabase-V1/BioID_0622.pgm;BioID-FaceDatabase-V1/BioID_0622.eye
BioID-FaceDatabase-V1/BioID_0623.pgm;BioID-FaceDatabase-V1/BioID_0623.eye
BioID-FaceDatabase-V1/BioID_0624.pgm;BioID-FaceDatabase-V1/BioID_0624.eye
BioID-FaceDatabase-V1/BioID_0625.pgm;BioID-FaceDatabase-V1/BioID_0625.eye
BioID-FaceDatabase-V1/BioID_0626.pgm;BioID-FaceDatabase-V1/BioID_0626.eye
BioID-FaceDatabase-V1/BioID_0627.pgm;BioID-FaceDatabase-V1/BioID_0627.eye
BioID-FaceDatabase-V1/BioID_0628.pgm;BioID-FaceDatabase-V1/BioID_0628.eye
BioID-FaceDatabase-V1/BioID_0629.pgm;BioID-FaceDatabase-V1/BioID_0629.eye
BioID-FaceDatabase-V1/BioID_0630.pgm;BioID-FaceDatabase-V1/BioID_0630.eye
BioID-FaceDatabase-V1/BioID_0631.pgm;BioID-FaceDatabase-V1/BioID_0631.eye
BioID-FaceDatabase-V1/BioID_0632.pgm;BioID-FaceDatabase-V1/BioID_0632.eye
BioID-FaceDatabase-V1/BioID_0633.pgm;BioID-FaceDatabase-V1/BioID_0633.eye
BioID-FaceDatabase-V1/BioID_0634.pgm;BioID-FaceDatabase-V1/BioID_0634.eye
BioID-FaceDatabase-V1/BioID_0635.pgm;BioID-FaceDatabase-V1/BioID_0635.eye
BioID-FaceDatabase-V1/BioID_0636.pgm;BioID-FaceDatabase-V1/BioID_0636.eye
BioID-FaceDatabase-V1/BioID_0637.pgm;BioID-FaceDatabase-V1/BioID_0637.eye
BioID-FaceDatabase-V1/BioID_0638.pgm;BioID-FaceDatabase-V1/BioID_0638.eye
BioID-FaceDatabase-V1/BioID_0639.pgm;BioID-FaceDatabase-V1/BioID_0639.eye
BioID-FaceDatabase-V1/BioID_0640.pgm;BioID-FaceDatabase-V1/BioID_0640.eye
BioID-FaceDatabase-V1/BioID_0641.pgm;BioID-FaceDatabase-V1/BioID_0641.eye
BioID-FaceDatabase-V1/BioID_0642.pgm;BioID-FaceDatabase-V1/BioID_0642.eye
BioID-FaceDatabase-V1/BioID_0643.pgm;BioID-FaceDatabase-V1/BioID_0643.eye
BioID-FaceDatabase-V1/BioID_0644.pgm;BioID-FaceDatabase-V1/BioID_0644.eye
BioID-FaceDatabase-V1/BioID_0645.pgm;BioID-FaceDatabase-V1/BioID_0645.eye
BioID-FaceDatabase-V1/BioID_0646.pgm;BioID-FaceDatabase-V1/BioID_0646.eye
BioID-FaceDatabase-V1/BioID_0647.pgm;BioID-FaceDatabase-V1/BioID_0647.eye
BioID-FaceDatabase-V1/BioID_0648.pgm;BioID-FaceDatabase-V1/BioID_0648.eye
BioID-FaceDatabase-V1/BioID_0649.pgm;BioID-FaceDatabase-V1/BioID_0649.eye
BioID-FaceDatabase-V1/BioID_0650.pgm;BioID-FaceDatabase-V1/BioID_0650.eye
BioID-FaceDatabase-V1/BioID_0651.pgm;BioID-FaceDatabase-V1/BioID_0651.eye
BioID-FaceDatabase-V1/BioID_0652.pgm;BioID-FaceDatabase-V1/BioID_0652.eye
BioID-FaceDatabase-V1/BioID_0653.pgm;BioID-FaceDatabase-V1/BioID_0653.eye
BioID-FaceDatabase-V1/BioID_0654.pgm;BioID-FaceDatabase-V1/BioID_0654.eye
BioID-FaceDatabase-V1/BioID_0655.pgm;BioID-FaceDatabase-V1/BioID_0655.eye
BioID-FaceDatabase-V1/BioID_0656.pgm;BioID-FaceDatabase-V1/BioID_0656.eye
BioID-FaceDatabase-V1/BioID_0657.pgm;BioID-FaceDatabase-V1/BioID_0657.eye
BioID-FaceDatabase-V1/BioID_0658.pgm;BioID-FaceDatabase-V1/BioID_0658.eye
BioID-FaceDatabase-V1/BioID_0659.pgm;BioID-FaceDatabase-V1/BioID_0659.eye
BioID-FaceDatabase-V1/BioID_0660.pgm;BioID-FaceDatabase-V1/BioID_0660.eye
BioID-FaceDatabase-V1/BioID_0661.pgm;BioID-FaceDatabase-V1/BioID_0661.eye
BioID-FaceDatabase-V1/BioID_0662.pgm;BioID-FaceDatabase-V1/BioID_0662.eye
BioID-FaceDatabase-V1/BioID_0663.pgm;BioID-FaceDatabase-V1/BioID_0663.eye
BioID-FaceDatabase-V1/BioID_0664.pgm;BioID-FaceDatabase-V1/BioID_0664.eye
BioID-FaceDatabase-V1/BioID_0665.pgm;BioID-FaceDatabase-V1/BioID_0665.eye
BioID-FaceDatabase-V1/BioID_0666.pgm;BioID-FaceDatabase-V1/BioID_0666.eye
BioID-FaceDatabase-V1/BioID_0667.pgm;BioID-FaceDatabase-V1/BioID_0667.eye
BioID-FaceDatabase-V1/BioID_0668.pgm;BioID-FaceDatabase-V1/BioID_0668.eye
BioID-FaceDatabase-V1/BioID_0669.pgm;BioID-FaceDatabase-V1/BioID_0669.eye
BioID-FaceDatabase-V1/BioID_0670.pgm;BioID-FaceDatabase-V1/BioID_0670.eye
BioID-FaceDatabase-V1/BioID_0671.pgm;BioID-FaceDatabase-V1/BioID_0671.eye
BioID-FaceDatabase-V1/BioID_0672.pgm;BioID-FaceDatabase-V1/BioID_0672.eye
BioID-FaceDatabase-V1/BioID_0673.pgm;BioID-FaceDatabase-V1/BioID_0673.eye
BioID-FaceDatabase-V1/BioID_0674.pgm;BioID-FaceDatabase-V1/BioID_0674.eye
BioID-FaceDatabase-V1/BioID_0675.pgm;BioID-FaceDatabase-V1/BioID_0675.eye
BioID-FaceDatabase-V1/BioID_0676.pgm;BioID-FaceDatabase-V1/BioID_0676.eye
BioID-FaceDatabase-V1/BioID_0677.pgm;BioID-FaceDatabase-V1/BioID_0677.eye
BioID-FaceDatabase-V1/BioID_0678.pgm;BioID-FaceDatabase-V1/BioID_0678.eye
BioID-FaceDatabase-V1/BioID_0679.pgm;BioID-FaceDatabase-V1/BioID_0679.eye
BioID-FaceDatabase-V1/BioID_0680.pgm;BioID-FaceDatabase-V1/BioID_0680.eye
BioID-FaceDatabase-V1/BioID_0681.pgm;BioID-FaceDatabase-V1/BioID_0681.eye
BioID-FaceDatabase-V1/BioID_0682.pgm;BioID-FaceDatabase-V1/BioID_0682.eye
BioID-FaceDatabase-V1/BioID_0683.pgm;BioID-FaceDatabase-V1/BioID_0683.eye
BioID-FaceDatabase-V1/BioID_0684.pgm;BioID-FaceDatabase-V1/BioID_0684.eye
BioID-FaceDatabase-V1/BioID_0685.pgm;BioID-FaceDatabase-V1/BioID_0685.eye
BioID-FaceDatabase-V1/BioID_0686.pgm;BioID-FaceDatabase-V1/BioID_0686.eye
BioID-FaceDatabase-V1/BioID_0687.pgm;BioID-FaceDatabase-V1/BioID_0687.eye
BioID-FaceDatabase-V1/BioID_0688.pgm;BioID-FaceDatabase-V1/BioID_0688.eye
BioID-FaceDatabase-V1/BioID_0689.pgm;BioID-FaceDatabase-V1/BioID_0689.eye
BioID-FaceDatabase-V1/BioID_0690.pgm;BioID-FaceDatabase-V1/BioID_0690.eye
BioID-FaceDatabase-V1/BioID_0691.pgm;BioID-FaceDatabase-V1/BioID_0691.eye
BioID-FaceDatabase-V1/BioID_0692.pgm;BioID-FaceDatabase-V1/BioID_0692.eye
BioID-FaceDatabase-V1/BioID_0693.pgm;BioID-FaceDatabase-V1/BioID_0693.eye
BioID-FaceDatabase-V1/BioID_0694.pgm;BioID-FaceDatabase-V1/BioID_0694.eye
BioID-FaceDatabase-V1/BioID_0695.pgm;BioID-FaceDatabase-V1/BioID_0695.eye
BioID-FaceDatabase-V1/BioID_0696.pgm;BioID-FaceDatabase-V1/BioID_0696.eye
BioID-FaceDatabase-V1/BioID_0697.pgm;BioID-FaceDatabase-V1/BioID_0697.eye
BioID-FaceDatabase-V1/BioID_0698.pgm;BioID-FaceDatabase-V1/BioID_0698.eye
BioID-FaceDatabase-V1/BioID_0699.pgm;BioID-FaceDatabase-V1/BioID_0699.eye
BioID-FaceDatabase-V1/BioID_0700.pgm;BioID-FaceDatabase-V1/BioID_0700.eye
BioID-FaceDatabase-V1/BioID_0701.pgm;BioID-FaceDatabase-V1/BioID_0701.eye
BioID-FaceDatabase-V1/BioID_0702.pgm;BioID-FaceDatabase-V1/BioID_0702.eye
BioID-FaceDatabase-V1/BioID_0703.pgm;BioID-FaceDatabase-V1/BioID_0703.eye
BioID-FaceDatabase-V1/BioID_0704.pgm;BioID-FaceDatabase-V1/BioID_0704.eye
BioID-FaceDatabase-V1/BioID_0705.pgm;BioID-FaceDatabase-V1/BioID_0705.eye
BioID-FaceDatabase-V1/BioID_0706.pgm;BioID-FaceDatabase-V1/BioID_0706.eye
BioID-FaceDatabase-V1/BioID_0707.pgm;BioID-FaceDatabase-V1/BioID_0707.eye
BioID-FaceDatabase-V1/BioID_0708.pgm;BioID-FaceDatabase-V1/BioID_0708.eye
BioID-FaceDatabase-V1/BioID_0709.pgm;BioID-FaceDatabase-V1/BioID_0709.eye
BioID-FaceDatabase-V1/BioID_0710.pgm;BioID-FaceDatabase-V1/BioID_0710.eye
BioID-FaceDatabase-V1/BioID_0711.pgm;BioID-FaceDatabase-V1/BioID_0711.eye
BioID-FaceDatabase-V1/BioID_0712.pgm;BioID-FaceDatabase-V1/BioID_0712.eye
BioID-FaceDatabase-V1/BioID_0713.pgm;BioID-FaceDatabase-V1/BioID_0713.eye
BioID-FaceDatabase-V1/BioID_0714.pgm;BioID-FaceDatabase-V1/BioID_0714.eye
BioID-FaceDatabase-V1/BioID_0715.pgm;BioID-FaceDatabase-V1/BioID_0715.eye
BioID-FaceDatabase-V1/BioID_0716.pgm;BioID-FaceDatabase-V1/BioID_0716.eye
BioID-FaceDatabase-V1/BioID_0717.pgm;BioID-FaceDatabase-V1/BioID_0717.eye
BioID-FaceDatabase-V1/BioID_0718.pgm;BioID-FaceDatabase-V1/BioID_0718.eye
BioID-FaceDatabase-V1/BioID_0719.pgm;BioID-FaceDatabase-V1/BioID_0719.eye
BioID-FaceDatabase-V1/BioID_0720.pgm;BioID-FaceDatabase-V1/BioID_0720.eye
BioID-FaceDatabase-V1/BioID_0721.pgm;BioID-FaceDatabase-V1/BioID_0721.eye
BioID-FaceDatabase-V1/BioID_0722.pgm;BioID-FaceDatabase-V1/BioID_0722.eye
BioID-FaceDatabase-V1/BioID_0723.pgm;BioID-FaceDatabase-V1/BioID_0723.eye
BioID-FaceDatabase-V1/BioID_0724.pgm;BioID-FaceDatabase-V1/BioID_0724.eye
BioID-FaceDatabase-V1/BioID_0725.pgm;BioID-FaceDatabase-V1/BioID_0725.eye
BioID-FaceDatabase-V1/BioID_0726.pgm;BioID-FaceDatabase-V1/BioID_0726.eye
BioID-FaceDatabase-V1/BioID_0727.pgm;BioID-FaceDatabase-V1/BioID_0727.eye
BioID-FaceDatabase-V1/BioID_0728.pgm;BioID-FaceDatabase-V1/BioID_0728.eye
BioID-FaceDatabase-V1/BioID_0729.pgm;BioID-FaceDatabase-V1/BioID_0729.eye
BioID-FaceDatabase-V1/BioID_0730.pgm;BioID-FaceDatabase-V1/BioID_0730.eye
BioID-FaceDatabase-V1/BioID_0731.pgm;BioID-FaceDatabase-V1/BioID_0731.eye
BioID-FaceDatabase-V1/BioID_0732.pgm;BioID-FaceDatabase-V1/BioID_0732.eye
BioID-FaceDatabase-V1/BioID_0733.pgm;BioID-FaceDatabase-V1/BioID_0733.eye
BioID-FaceDatabase-V1/BioID_0734.pgm;BioID-FaceDatabase-V1/BioID_0734.eye
BioID-FaceDatabase-V1/BioID_0735.pgm;BioID-FaceDatabase-V1/BioID_0735.eye
BioID-FaceDatabase-V1/BioID_0736.pgm;BioID-FaceDatabase-V1/BioID_0736.eye
BioID-FaceDatabase-V1/BioID_0737.pgm;BioID-FaceDatabase-V1/BioID_0737.eye
BioID-FaceDatabase-V1/BioID_0738.pgm;BioID-FaceDatabase-V1/BioID_0738.eye
BioID-FaceDatabase-V1/BioID_0739.pgm;BioID-FaceDatabase-V1/BioID_0739.eye
BioID-FaceDatabase-V1/BioID_0740.pgm;BioID-FaceDatabase-V1/BioID_0740.eye
BioID-FaceDatabase-V1/BioID_0741.pgm;BioID-FaceDatabase-V1/BioID_0741.eye
BioID-FaceDatabase-V1/BioID_0742.pgm;BioID-FaceDatabase-V1/BioID_0742.eye
BioID-FaceDatabase-V1/BioID_0743.pgm;BioID-FaceDatabase-V1/BioID_0743.eye
BioID-FaceDatabase-V1/BioID_0744.pgm;BioID-FaceDatabase-V1/BioID_0744.eye
BioID-FaceDatabase-V1/BioID_0745.pgm;BioID-FaceDatabase-V1/BioID_0745.eye
BioID-FaceDatabase-V1/BioID_0746.pgm;BioID-FaceDatabase-V1/BioID_0746.eye
BioID-FaceDatabase-V1/BioID_0747.pgm;BioID-FaceDatabase-V1/BioID_0747.eye
BioID-FaceDatabase-V1/BioID_0748.pgm;BioID-FaceDatabase-V1/BioID_0748.eye
BioID-FaceDatabase-V1/BioID_0749.pgm;BioID-FaceDatabase-V1/BioID_0749.eye
BioID-FaceDatabase-V1/BioID_0750.pgm;BioID-FaceDatabase-V1/BioID_0750.eye
BioID-FaceDatabase-V1/BioID_0751.pgm;BioID-FaceDatabase-V1/BioID_0751.eye
BioID-FaceDatabase-V1/BioID_0752.pgm;BioID-FaceDatabase-V1/BioID_0752.eye
BioID-FaceDatabase-V1/BioID_0753.pgm;BioID-FaceDatabase-V1/BioID_0753.eye
BioID-FaceDatabase-V1/BioID_0754.pgm;BioID-FaceDatabase-V1/BioID_0754.eye
BioID-FaceDatabase-V1/BioID_0755.pgm;BioID-FaceDatabase-V1/BioID_0755.eye
BioID-FaceDatabase-V1/BioID_0756.pgm;BioID-FaceDatabase-V1/BioID_0756.eye
BioID-FaceDatabase-V1/BioID_0757.pgm;BioID-FaceDatabase-V1/BioID_0757.eye
BioID-FaceDatabase-V1/BioID_0758.pgm;BioID-FaceDatabase-V1/BioID_0758.eye
BioID-FaceDatabase-V1/BioID_0759.pgm;BioID-FaceDatabase-V1/BioID_0759.eye
BioID-FaceDatabase-V1/BioID_0760.pgm;BioID-FaceDatabase-V1/BioID_0760.eye
BioID-FaceDatabase-V1/BioID_0761.pgm;BioID-FaceDatabase-V1/BioID_0761.eye
BioID-FaceDatabase-V1/BioID_0762.pgm;BioID-FaceDatabase-V1/BioID_0762.eye
BioID-FaceDatabase-V1/BioID_0763.pgm;BioID-FaceDatabase-V1/BioID_0763.eye
BioID-FaceDatabase-V1/BioID_0764.pgm;BioID-FaceDatabase-V1/BioID_0764.eye
BioID-FaceDatabase-V1/BioID_0765.pgm;BioID-FaceDatabase-V1/BioID_0765.eye
BioID-FaceDatabase-V1/BioID_0766.pgm;BioID-FaceDatabase-V1/BioID_0766.eye
BioID-FaceDatabase-V1/BioID_0767.pgm;BioID-FaceDatabase-V1/BioID_0767.eye
BioID-FaceDatabase-V1/BioID_0768.pgm;BioID-FaceDatabase-V1/BioID_0768.eye
BioID-FaceDatabase-V1/BioID_0769.pgm;BioID-FaceDatabase-V1/BioID_0769.eye
BioID-FaceDatabase-V1/BioID_0770.pgm;BioID-FaceDatabase-V1/BioID_0770.eye
BioID-FaceDatabase-V1/BioID_0771.pgm;BioID-FaceDatabase-V1/BioID_0771.eye
BioID-FaceDatabase-V1/BioID_0772.pgm;BioID-FaceDatabase-V1/BioID_0772.eye
BioID-FaceDatabase-V1/BioID_0773.pgm;BioID-FaceDatabase-V1/BioID_0773.eye
BioID-FaceDatabase-V1/BioID_0774.pgm;BioID-FaceDatabase-V1/BioID_0774.eye
BioID-FaceDatabase-V1/BioID_0775.pgm;BioID-FaceDatabase-V1/BioID_0775.eye
BioID-FaceDatabase-V1/BioID_0776.pgm;BioID-FaceDatabase-V1/BioID_0776.eye
BioID-FaceDatabase-V1/BioID_0777.pgm;BioID-FaceDatabase-V1/BioID_0777.eye
BioID-FaceDatabase-V1/BioID_0778.pgm;BioID-FaceDatabase-V1/BioID_0778.eye
BioID-FaceDatabase-V1/BioID_0779.pgm;BioID-FaceDatabase-V1/BioID_0779.eye
BioID-FaceDatabase-V1/BioID_0780.pgm;BioID-FaceDatabase-V1/BioID_0780.eye
BioID-FaceDatabase-V1/BioID_0781.pgm;BioID-FaceDatabase-V1/BioID_0781.eye
BioID-FaceDatabase-V1/BioID_0782.pgm;BioID-FaceDatabase-V1/BioID_0782.eye
BioID-FaceDatabase-V1/BioID_0783.pgm;BioID-FaceDatabase-V1/BioID_0783.eye
BioID-FaceDatabase-V1/BioID_0784.pgm;BioID-FaceDatabase-V1/BioID_0784.eye
BioID-FaceDatabase-V1/BioID_0785.pgm;BioID-FaceDatabase-V1/BioID_0785.eye
BioID-FaceDatabase-V1/BioID_0786.pgm;BioID-FaceDatabase-V1/BioID_0786.eye
BioID-FaceDatabase-V1/BioID_0787.pgm;BioID-FaceDatabase-V1/BioID_0787.eye
BioID-FaceDatabase-V1/BioID_0788.pgm;BioID-FaceDatabase-V1/BioID_0788.eye
BioID-FaceDatabase-V1/BioID_0789.pgm;BioID-FaceDatabase-V1/BioID_0789.eye
BioID-FaceDatabase-V1/BioID_0790.pgm;BioID-FaceDatabase-V1/BioID_0790.eye
BioID-FaceDatabase-V1/BioID_0791.pgm;BioID-FaceDatabase-V1/BioID_0791.eye
BioID-FaceDatabase-V1/BioID_0792.pgm;BioID-FaceDatabase-V1/BioID_0792.eye
BioID-FaceDatabase-V1/BioID_0793.pgm;BioID-FaceDatabase-V1/BioID_0793.eye
BioID-FaceDatabase-V1/BioID_0794.pgm;BioID-FaceDatabase-V1/BioID_0794.eye
BioID-FaceDatabase-V1/BioID_0795.pgm;BioID-FaceDatabase-V1/BioID_0795.eye
BioID-FaceDatabase-V1/BioID_0796.pgm;BioID-FaceDatabase-V1/BioID_0796.eye
BioID-FaceDatabase-V1/BioID_0797.pgm;BioID-FaceDatabase-V1/BioID_0797.eye
BioID-FaceDatabase-V1/BioID_0798.pgm;BioID-FaceDatabase-V1/BioID_0798.eye
BioID-FaceDatabase-V1/BioID_0799.pgm;BioID-FaceDatabase-V1/BioID_0799.eye
BioID-FaceDatabase-V1/BioID_0800.pgm;BioID-FaceDatabase-V1/BioID_0800.eye
BioID-FaceDatabase-V1/BioID_0801.pgm;BioID-FaceDatabase-V1/BioID_0801.eye
BioID-FaceDatabase-V1/BioID_0802.pgm;BioID-FaceDatabase-V1/BioID_0802.eye
BioID-FaceDatabase-V1/BioID_0803.pgm;BioID-FaceDatabase-V1/BioID_0803.eye
BioID-FaceDatabase-V1/BioID_0804.pgm;BioID-FaceDatabase-V1/BioID_0804.eye
BioID-FaceDatabase-V1/BioID_0805.pgm;BioID-FaceDatabase-V1/BioID_0805.eye
BioID-FaceDatabase-V1/BioID_0806.pgm;BioID-FaceDatabase-V1/BioID_0806.eye
BioID-FaceDatabase-V1/BioID_0807.pgm;BioID-FaceDatabase-V1/BioID_0807.eye
BioID-FaceDatabase-V1/BioID_0808.pgm;BioID-FaceDatabase-V1/BioID_0808.eye
BioID-FaceDatabase-V1/BioID_0809.pgm;BioID-FaceDatabase-V1/BioID_0809.eye
BioID-FaceDatabase-V1/BioID_0810.pgm;BioID-FaceDatabase-V1/BioID_0810.eye
BioID-FaceDatabase-V1/BioID_0811.pgm;BioID-FaceDatabase-V1/BioID_0811.eye
BioID-FaceDatabase-V1/BioID_0812.pgm;BioID-FaceDatabase-V1/BioID_0812.eye
BioID-FaceDatabase-V1/BioID_0813.pgm;BioID-FaceDatabase-V1/BioID_0813.eye
BioID-FaceDatabase-V1/BioID_0814.pgm;BioID-FaceDatabase-V1/BioID_0814.eye
BioID-FaceDatabase-V1/BioID_0815.pgm;BioID-FaceDatabase-V1/BioID_0815.eye
BioID-FaceDatabase-V1/BioID_0816.pgm;BioID-FaceDatabase-V1/BioID_0816.eye
BioID-FaceDatabase-V1/BioID_0817.pgm;BioID-FaceDatabase-V1/BioID_0817.eye
BioID-FaceDatabase-V1/BioID_0818.pgm;BioID-FaceDatabase-V1/BioID_0818.eye
BioID-FaceDatabase-V1/BioID_0819.pgm;BioID-FaceDatabase-V1/BioID_0819.eye
BioID-FaceDatabase-V1/BioID_0820.pgm;BioID-FaceDatabase-V1/BioID_0820.eye
BioID-FaceDatabase-V1/BioID_0821.pgm;BioID-FaceDatabase-V1/BioID_0821.eye
BioID-FaceDatabase-V1/BioID_0822.pgm;BioID-FaceDatabase-V1/BioID_0822.eye
BioID-FaceDatabase-V1/BioID_0823.pgm;BioID-FaceDatabase-V1/BioID_0823.eye
BioID-FaceDatabase-V1/BioID_0824.pgm;BioID-FaceDatabase-V1/BioID_0824.eye
BioID-FaceDatabase-V1/BioID_0825.pgm;BioID-FaceDatabase-V1/BioID_0825.eye
BioID-FaceDatabase-V1/BioID_0826.pgm;BioID-FaceDatabase-V1/BioID_0826.eye
BioID-FaceDatabase-V1/BioID_0827.pgm;BioID-FaceDatabase-V1/BioID_0827.eye
BioID-FaceDatabase-V1/BioID_0828.pgm;BioID-FaceDatabase-V1/BioID_0828.eye
BioID-FaceDatabase-V1/BioID_0829.pgm;BioID-FaceDatabase-V1/BioID_0829.eye
BioID-FaceDatabase-V1/BioID_0830.pgm;BioID-FaceDatabase-V1/BioID_0830.eye
BioID-FaceDatabase-V1/BioID_0831.pgm;BioID-FaceDatabase-V1/BioID_0831.eye
BioID-FaceDatabase-V1/BioID_0832.pgm;BioID-FaceDatabase-V1/BioID_0832.eye
BioID-FaceDatabase-V1/BioID_0833.pgm;BioID-FaceDatabase-V1/BioID_0833.eye
BioID-FaceDatabase-V1/BioID_0834.pgm;BioID-FaceDatabase-V1/BioID_0834.eye
BioID-FaceDatabase-V1/BioID_0835.pgm;BioID-FaceDatabase-V1/BioID_0835.eye
BioID-FaceDatabase-V1/BioID_0836.pgm;BioID-FaceDatabase-V1/BioID_0836.eye
BioID-FaceDatabase-V1/BioID_0837.pgm;BioID-FaceDatabase-V1/BioID_0837.eye
BioID-FaceDatabase-V1/BioID_0838.pgm;BioID-FaceDatabase-V1/BioID_0838.eye
BioID-FaceDatabase-V1/BioID_0839.pgm;BioID-FaceDatabase-V1/BioID_0839.eye
BioID-FaceDatabase-V1/BioID_0840.pgm;BioID-FaceDatabase-V1/BioID_0840.eye
BioID-FaceDatabase-V1/BioID_0841.pgm;BioID-FaceDatabase-V1/BioID_0841.eye
BioID-FaceDatabase-V1/BioID_0842.pgm;BioID-FaceDatabase-V1/BioID_0842.eye
BioID-FaceDatabase-V1/BioID_0843.pgm;BioID-FaceDatabase-V1/BioID_0843.eye
BioID-FaceDatabase-V1/BioID_0844.pgm;BioID-FaceDatabase-V1/BioID_0844.eye
BioID-FaceDatabase-V1/BioID_0845.pgm;BioID-FaceDatabase-V1/BioID_0845.eye
BioID-FaceDatabase-V1/BioID_0846.pgm;BioID-FaceDatabase-V1/BioID_0846.eye
BioID-FaceDatabase-V1/BioID_0847.pgm;BioID-FaceDatabase-V1/BioID_0847.eye
BioID-FaceDatabase-V1/BioID_0848.pgm;BioID-FaceDatabase-V1/BioID_0848.eye
BioID-FaceDatabase-V1/BioID_0849.pgm;BioID-FaceDatabase-V1/BioID_0849.eye
BioID-FaceDatabase-V1/BioID_0850.pgm;BioID-FaceDatabase-V1/BioID_0850.eye
BioID-FaceDatabase-V1/BioID_0851.pgm;BioID-FaceDatabase-V1/BioID_0851.eye
BioID-FaceDatabase-V1/BioID_0852.pgm;BioID-FaceDatabase-V1/BioID_0852.eye
BioID-FaceDatabase-V1/BioID_0853.pgm;BioID-FaceDatabase-V1/BioID_0853.eye
BioID-FaceDatabase-V1/BioID_0854.pgm;BioID-FaceDatabase-V1/BioID_0854.eye
BioID-FaceDatabase-V1/BioID_0855.pgm;BioID-FaceDatabase-V1/BioID_0855.eye
BioID-FaceDatabase-V1/BioID_0856.pgm;BioID-FaceDatabase-V1/BioID_0856.eye
BioID-FaceDatabase-V1/BioID_0857.pgm;BioID-FaceDatabase-V1/BioID_0857.eye
BioID-FaceDatabase-V1/BioID_0858.pgm;BioID-FaceDatabase-V1/BioID_0858.eye
BioID-FaceDatabase-V1/BioID_0859.pgm;BioID-FaceDatabase-V1/BioID_0859.eye
BioID-FaceDatabase-V1/BioID_0860.pgm;BioID-FaceDatabase-V1/BioID_0860.eye
BioID-FaceDatabase-V1/BioID_0861.pgm;BioID-FaceDatabase-V1/BioID_0861.eye
BioID-FaceDatabase-V1/BioID_0862.pgm;BioID-FaceDatabase-V1/BioID_0862.eye
BioID-FaceDatabase-V1/BioID_0863.pgm;BioID-FaceDatabase-V1/BioID_0863.eye
BioID-FaceDatabase-V1/BioID_0864.pgm;BioID-FaceDatabase-V1/BioID_0864.eye
BioID-FaceDatabase-V1/BioID_0865.pgm;BioID-FaceDatabase-V1/BioID_0865.eye
BioID-FaceDatabase-V1/BioID_0866.pgm;BioID-FaceDatabase-V1/BioID_0866.eye
BioID-FaceDatabase-V1/BioID_0867.pgm;BioID-FaceDatabase-V1/BioID_0867.eye
BioID-FaceDatabase-V1/BioID_0868.pgm;BioID-FaceDatabase-V1/BioID_0868.eye
BioID-FaceDatabase-V1/BioID_0869.pgm;BioID-FaceDatabase-V1/BioID_0869.eye
BioID-FaceDatabase-V1/BioID_0870.pgm;BioID-FaceDatabase-V1/BioID_0870.eye
BioID-FaceDatabase-V1/BioID_0871.pgm;BioID-FaceDatabase-V1/BioID_0871.eye
BioID-FaceDatabase-V1/BioID_0872.pgm;BioID-FaceDatabase-V1/BioID_0872.eye
BioID-FaceDatabase-V1/BioID_0873.pgm;BioID-FaceDatabase-V1/BioID_0873.eye
BioID-FaceDatabase-V1/BioID_0874.pgm;BioID-FaceDatabase-V1/BioID_0874.eye
BioID-FaceDatabase-V1/BioID_0875.pgm;BioID-FaceDatabase-V1/BioID_0875.eye
BioID-FaceDatabase-V1/BioID_0876.pgm;BioID-FaceDatabase-V1/BioID_0876.eye
BioID-FaceDatabase-V1/BioID_0877.pgm;BioID-FaceDatabase-V1/BioID_0877.eye
BioID-FaceDatabase-V1/BioID_0878.pgm;BioID-FaceDatabase-V1/BioID_0878.eye
BioID-FaceDatabase-V1/BioID_0879.pgm;BioID-FaceDatabase-V1/BioID_0879.eye
BioID-FaceDatabase-V1/BioID_0880.pgm;BioID-FaceDatabase-V1/BioID_0880.eye
BioID-FaceDatabase-V1/BioID_0881.pgm;BioID-FaceDatabase-V1/BioID_0881.eye
BioID-FaceDatabase-V1/BioID_0882.pgm;BioID-FaceDatabase-V1/BioID_0882.eye
BioID-FaceDatabase-V1/BioID_0883.pgm;BioID-FaceDatabase-V1/BioID_0883.eye
BioID-FaceDatabase-V1/BioID_0884.pgm;BioID-FaceDatabase-V1/BioID_0884.eye
BioID-FaceDatabase-V1/BioID_0885.pgm;BioID-FaceDatabase-V1/BioID_0885.eye
BioID-FaceDatabase-V1/BioID_0886.pgm;BioID-FaceDatabase-V1/BioID_0886.eye
BioID-FaceDatabase-V1/BioID_0887.pgm;BioID-FaceDatabase-V1/BioID_0887.eye
BioID-FaceDatabase-V1/BioID_0888.pgm;BioID-FaceDatabase-V1/BioID_0888.eye
BioID-FaceDatabase-V1/BioID_0889.pgm;BioID-FaceDatabase-V1/BioID_0889.eye
BioID-FaceDatabase-V1/BioID_0890.pgm;BioID-FaceDatabase-V1/BioID_0890.eye
BioID-FaceDatabase-V1/BioID_0891.pgm;BioID-FaceDatabase-V1/BioID_0891.eye
BioID-FaceDatabase-V1/BioID_0892.pgm;BioID-FaceDatabase-V1/BioID_0892.eye
BioID-FaceDatabase-V1/BioID_0893.pgm;BioID-FaceDatabase-V1/BioID_0893.eye
BioID-FaceDatabase-V1/BioID_0894.pgm;BioID-FaceDatabase-V1/BioID_0894.eye
BioID-FaceDatabase-V1/BioID_0895.pgm;BioID-FaceDatabase-V1/BioID_0895.eye
BioID-FaceDatabase-V1/BioID_0896.pgm;BioID-FaceDatabase-V1/BioID_0896.eye
BioID-FaceDatabase-V1/BioID_0897.pgm;BioID-FaceDatabase-V1/BioID_0897.eye
BioID-FaceDatabase-V1/BioID_0898.pgm;BioID-FaceDatabase-V1/BioID_0898.eye
BioID-FaceDatabase-V1/BioID_0899.pgm;BioID-FaceDatabase-V1/BioID_0899.eye
BioID-FaceDatabase-V1/BioID_0900.pgm;BioID-FaceDatabase-V1/BioID_0900.eye
BioID-FaceDatabase-V1/BioID_0901.pgm;BioID-FaceDatabase-V1/BioID_0901.eye
BioID-FaceDatabase-V1/BioID_0902.pgm;BioID-FaceDatabase-V1/BioID_0902.eye
BioID-FaceDatabase-V1/BioID_0903.pgm;BioID-FaceDatabase-V1/BioID_0903.eye
BioID-FaceDatabase-V1/BioID_0904.pgm;BioID-FaceDatabase-V1/BioID_0904.eye
BioID-FaceDatabase-V1/BioID_0905.pgm;BioID-FaceDatabase-V1/BioID_0905.eye
BioID-FaceDatabase-V1/BioID_0906.pgm;BioID-FaceDatabase-V1/BioID_0906.eye
BioID-FaceDatabase-V1/BioID_0907.pgm;BioID-FaceDatabase-V1/BioID_0907.eye
BioID-FaceDatabase-V1/BioID_0908.pgm;BioID-FaceDatabase-V1/BioID_0908.eye
BioID-FaceDatabase-V1/BioID_0909.pgm;BioID-FaceDatabase-V1/BioID_0909.eye
BioID-FaceDatabase-V1/BioID_0910.pgm;BioID-FaceDatabase-V1/BioID_0910.eye
BioID-FaceDatabase-V1/BioID_0911.pgm;BioID-FaceDatabase-V1/BioID_0911.eye
BioID-FaceDatabase-V1/BioID_0912.pgm;BioID-FaceDatabase-V1/BioID_0912.eye
BioID-FaceDatabase-V1/BioID_0913.pgm;BioID-FaceDatabase-V1/BioID_0913.eye
BioID-FaceDatabase-V1/BioID_0914.pgm;BioID-FaceDatabase-V1/BioID_0914.eye
BioID-FaceDatabase-V1/BioID_0915.pgm;BioID-FaceDatabase-V1/BioID_0915.eye
BioID-FaceDatabase-V1/BioID_0916.pgm;BioID-FaceDatabase-V1/BioID_0916.eye
BioID-FaceDatabase-V1/BioID_0917.pgm;BioID-FaceDatabase-V1/BioID_0917.eye
BioID-FaceDatabase-V1/BioID_0918.pgm;BioID-FaceDatabase-V1/BioID_0918.eye
BioID-FaceDatabase-V1/BioID_0919.pgm;BioID-FaceDatabase-V1/BioID_0919.eye
BioID-FaceDatabase-V1/BioID_0920.pgm;BioID-FaceDatabase-V1/BioID_0920.eye
BioID-FaceDatabase-V1/BioID_0921.pgm;BioID-FaceDatabase-V1/BioID_0921.eye
BioID-FaceDatabase-V1/BioID_0922.pgm;BioID-FaceDatabase-V1/BioID_0922.eye
BioID-FaceDatabase-V1/BioID_0923.pgm;BioID-FaceDatabase-V1/BioID_0923.eye
BioID-FaceDatabase-V1/BioID_0924.pgm;BioID-FaceDatabase-V1/BioID_0924.eye
BioID-FaceDatabase-V1/BioID_0925.pgm;BioID-FaceDatabase-V1/BioID_0925.eye
BioID-FaceDatabase-V1/BioID_0926.pgm;BioID-FaceDatabase-V1/BioID_0926.eye
BioID-FaceDatabase-V1/BioID_0927.pgm;BioID-FaceDatabase-V1/BioID_0927.eye
BioID-FaceDatabase-V1/BioID_0928.pgm;BioID-FaceDatabase-V1/BioID_0928.eye
BioID-FaceDatabase-V1/BioID_0929.pgm;BioID-FaceDatabase-V1/BioID_0929.eye
BioID-FaceDatabase-V1/BioID_0930.pgm;BioID-FaceDatabase-V1/BioID_0930.eye
BioID-FaceDatabase-V1/BioID_0931.pgm;BioID-FaceDatabase-V1/BioID_0931.eye
BioID-FaceDatabase-V1/BioID_0932.pgm;BioID-FaceDatabase-V1/BioID_0932.eye
BioID-FaceDatabase-V1/BioID_0933.pgm;BioID-FaceDatabase-V1/BioID_0933.eye
BioID-FaceDatabase-V1/BioID_0934.pgm;BioID-FaceDatabase-V1/BioID_0934.eye
BioID-FaceDatabase-V1/BioID_0935.pgm;BioID-FaceDatabase-V1/BioID_0935.eye
BioID-FaceDatabase-V1/BioID_0936.pgm;BioID-FaceDatabase-V1/BioID_0936.eye
BioID-FaceDatabase-V1/BioID_0937.pgm;BioID-FaceDatabase-V1/BioID_0937.eye
BioID-FaceDatabase-V1/BioID_0938.pgm;BioID-FaceDatabase-V1/BioID_0938.eye
BioID-FaceDatabase-V1/BioID_0939.pgm;BioID-FaceDatabase-V1/BioID_0939.eye
BioID-FaceDatabase-V1/BioID_0940.pgm;BioID-FaceDatabase-V1/BioID_0940.eye
BioID-FaceDatabase-V1/BioID_0941.pgm;BioID-FaceDatabase-V1/BioID_0941.eye
BioID-FaceDatabase-V1/BioID_0942.pgm;BioID-FaceDatabase-V1/BioID_0942.eye
BioID-FaceDatabase-V1/BioID_0943.pgm;BioID-FaceDatabase-V1/BioID_0943.eye
BioID-FaceDatabase-V1/BioID_0944.pgm;BioID-FaceDatabase-V1/BioID_0944.eye
BioID-FaceDatabase-V1/BioID_0945.pgm;BioID-FaceDatabase-V1/BioID_0945.eye
BioID-FaceDatabase-V1/BioID_0946.pgm;BioID-FaceDatabase-V1/BioID_0946.eye
BioID-FaceDatabase-V1/BioID_0947.pgm;BioID-FaceDatabase-V1/BioID_0947.eye
BioID-FaceDatabase-V1/BioID_0948.pgm;BioID-FaceDatabase-V1/BioID_0948.eye
BioID-FaceDatabase-V1/BioID_0949.pgm;BioID-FaceDatabase-V1/BioID_0949.eye
BioID-FaceDatabase-V1/BioID_0950.pgm;BioID-FaceDatabase-V1/BioID_0950.eye
BioID-FaceDatabase-V1/BioID_0951.pgm;BioID-FaceDatabase-V1/BioID_0951.eye
BioID-FaceDatabase-V1/BioID_0952.pgm;BioID-FaceDatabase-V1/BioID_0952.eye
BioID-FaceDatabase-V1/BioID_0953.pgm;BioID-FaceDatabase-V1/BioID_0953.eye
BioID-FaceDatabase-V1/BioID_0954.pgm;BioID-FaceDatabase-V1/BioID_0954.eye
BioID-FaceDatabase-V1/BioID_0955.pgm;BioID-FaceDatabase-V1/BioID_0955.eye
BioID-FaceDatabase-V1/BioID_0956.pgm;BioID-FaceDatabase-V1/BioID_0956.eye
BioID-FaceDatabase-V1/BioID_0957.pgm;BioID-FaceDatabase-V1/BioID_0957.eye
BioID-FaceDatabase-V1/BioID_0958.pgm;BioID-FaceDatabase-V1/BioID_0958.eye
BioID-FaceDatabase-V1/BioID_0959.pgm;BioID-FaceDatabase-V1/BioID_0959.eye
BioID-FaceDatabase-V1/BioID_0960.pgm;BioID-FaceDatabase-V1/BioID_0960.eye
BioID-FaceDatabase-V1/BioID_0961.pgm;BioID-FaceDatabase-V1/BioID_0961.eye
BioID-FaceDatabase-V1/BioID_0962.pgm;BioID-FaceDatabase-V1/BioID_0962.eye
BioID-FaceDatabase-V1/BioID_0963.pgm;BioID-FaceDatabase-V1/BioID_0963.eye
BioID-FaceDatabase-V1/BioID_0964.pgm;BioID-FaceDatabase-V1/BioID_0964.eye
BioID-FaceDatabase-V1/BioID_0965.pgm;BioID-FaceDatabase-V1/BioID_0965.eye
BioID-FaceDatabase-V1/BioID_0966.pgm;BioID-FaceDatabase-V1/BioID_0966.eye
BioID-FaceDatabase-V1/BioID_0967.pgm;BioID-FaceDatabase-V1/BioID_0967.eye
BioID-FaceDatabase-V1/BioID_0968.pgm;BioID-FaceDatabase-V1/BioID_0968.eye
BioID-FaceDatabase-V1/BioID_0969.pgm;BioID-FaceDatabase-V1/BioID_0969.eye
BioID-FaceDatabase-V1/BioID_0970.pgm;BioID-FaceDatabase-V1/BioID_0970.eye
BioID-FaceDatabase-V1/BioID_0971.pgm;BioID-FaceDatabase-V1/BioID_0971.eye
BioID-FaceDatabase-V1/BioID_0972.pgm;BioID-FaceDatabase-V1/BioID_0972.eye
BioID-FaceDatabase-V1/BioID_0973.pgm;BioID-FaceDatabase-V1/BioID_0973.eye
BioID-FaceDatabase-V1/BioID_0974.pgm;BioID-FaceDatabase-V1/BioID_0974.eye
BioID-FaceDatabase-V1/BioID_0975.pgm;BioID-FaceDatabase-V1/BioID_0975.eye
BioID-FaceDatabase-V1/BioID_0976.pgm;BioID-FaceDatabase-V1/BioID_0976.eye
BioID-FaceDatabase-V1/BioID_0977.pgm;BioID-FaceDatabase-V1/BioID_0977.eye
BioID-FaceDatabase-V1/BioID_0978.pgm;BioID-FaceDatabase-V1/BioID_0978.eye
BioID-FaceDatabase-V1/BioID_0979.pgm;BioID-FaceDatabase-V1/BioID_0979.eye
BioID-FaceDatabase-V1/BioID_0980.pgm;BioID-FaceDatabase-V1/BioID_0980.eye
BioID-FaceDatabase-V1/BioID_0981.pgm;BioID-FaceDatabase-V1/BioID_0981.eye
BioID-FaceDatabase-V1/BioID_0982.pgm;BioID-FaceDatabase-V1/BioID_0982.eye
BioID-FaceDatabase-V1/BioID_0983.pgm;BioID-FaceDatabase-V1/BioID_0983.eye
BioID-FaceDatabase-V1/BioID_0984.pgm;BioID-FaceDatabase-V1/BioID_0984.eye
BioID-FaceDatabase-V1/BioID_0985.pgm;BioID-FaceDatabase-V1/BioID_0985.eye
BioID-FaceDatabase-V1/BioID_0986.pgm;BioID-FaceDatabase-V1/BioID_0986.eye
BioID-FaceDatabase-V1/BioID_0987.pgm;BioID-FaceDatabase-V1/BioID_0987.eye
BioID-FaceDatabase-V1/BioID_0988.pgm;BioID-FaceDatabase-V1/BioID_0988.eye
BioID-FaceDatabase-V1/BioID_0989.pgm;BioID-FaceDatabase-V1/BioID_0989.eye
BioID-FaceDatabase-V1/BioID_0990.pgm;BioID-FaceDatabase-V1/BioID_0990.eye
BioID-FaceDatabase-V1/BioID_0991.pgm;BioID-FaceDatabase-V1/BioID_0991.eye
BioID-FaceDatabase-V1/BioID_0992.pgm;BioID-FaceDatabase-V1/BioID_0992.eye
BioID-FaceDatabase-V1/BioID_0993.pgm;BioID-FaceDatabase-V1/BioID_0993.eye
BioID-FaceDatabase-V1/BioID_0994.pgm;BioID-FaceDatabase-V1/BioID_0994.eye
BioID-FaceDatabase-V1/BioID_0995.pgm;BioID-FaceDatabase-V1/BioID_0995.eye
BioID-FaceDatabase-V1/BioID_0996.pgm;BioID-FaceDatabase-V1/BioID_0996.eye
BioID-FaceDatabase-V1/BioID_0997.pgm;BioID-FaceDatabase-V1/BioID_0997.eye
BioID-FaceDatabase-V1/BioID_0998.pgm;BioID-FaceDatabase-V1/BioID_0998.eye
